0.1	-nan	-nan	-nan	-nan	-nan	
0.11	-nan	-nan	-nan	-nan	-nan	
0.12	-nan	-nan	-nan	-nan	-nan	
0.13	-nan	-nan	-nan	-nan	-nan	
0.14	-nan	-nan	-nan	-nan	-nan	
0.15	-nan	-nan	-nan	-nan	-nan	
0.16	-nan	-nan	-nan	-nan	-nan	
0.17	-nan	-nan	-nan	-nan	-nan	
0.18	-nan	-nan	-nan	-nan	-nan	
0.19	-nan	-nan	-nan	-nan	-nan	
0.2	-nan	-nan	-nan	-nan	-nan	
0.21	-nan	-nan	-nan	-nan	-nan	
0.22	-nan	-nan	-nan	-nan	-nan	
0.23	-nan	-nan	-nan	-nan	-nan	
0.24	-nan	-nan	-nan	-nan	-nan	
0.25	-nan	-nan	-nan	-nan	-nan	
0.26	-nan	-nan	-nan	-nan	-nan	
0.27	-nan	-nan	-nan	-nan	-nan	
0.28	-nan	-nan	-nan	-nan	-nan	
0.29	-nan	-nan	-nan	-nan	-nan	
0.3	-nan	-nan	-nan	-nan	-nan	
0.31	-nan	-nan	-nan	-nan	-nan	
0.32	-nan	-nan	-nan	-nan	-nan	
0.33	-nan	-nan	-nan	-nan	-nan	
0.34	-nan	-nan	-nan	-nan	-nan	
0.35	-nan	-nan	-nan	-nan	-nan	
0.36	-nan	-nan	-nan	-nan	-nan	
0.37	-nan	-nan	-nan	-nan	-nan	
0.38	-nan	-nan	0	0	0	
0.39	0.974842	0.128033	0.0100303	0.000560186	2.43121e-05	
0.4	0.973546	0.131212	0.0105453	0.000604125	2.68935e-05	
0.41	0.972218	0.134383	0.0110727	0.000650284	2.96745e-05	
0.42	0.970858	0.137546	0.0116125	0.000698713	3.26649e-05	
0.43	0.969467	0.140701	0.0121647	0.000749464	3.58748e-05	
0.44	0.968044	0.143847	0.0127291	0.000802589	3.93147e-05	
0.45	0.96659	0.146984	0.0133058	0.000858139	4.2995e-05	
0.46	0.965105	0.150113	0.0138947	0.000916164	4.69266e-05	
0.47	0.963588	0.153233	0.0144957	0.000976717	5.11206e-05	
0.48	0.96204	0.156344	0.0151088	0.00103985	5.5588e-05	
0.49	0.960461	0.159445	0.015734	0.0011056	6.03405e-05	
0.5	0.958851	0.162537	0.0163711	0.00117404	6.53896e-05	
0.51	0.95721	0.165619	0.0170202	0.0012452	7.07473e-05	
0.52	0.955539	0.168691	0.0176811	0.00131913	7.64256e-05	
0.53	0.953836	0.171754	0.0183538	0.00139589	8.24368e-05	
0.54	0.952104	0.174806	0.0190384	0.00147552	8.87935e-05	
0.55	0.95034	0.177847	0.0197346	0.00155808	9.55083e-05	
0.56	0.948547	0.180878	0.0204424	0.0016436	0.000102594	
0.57	0.946723	0.183898	0.0211618	0.00173214	0.000110064	
0.58	0.944869	0.186907	0.0218928	0.00182375	0.000117932	
0.59	0.942985	0.189905	0.0226352	0.00191846	0.000126211	
0.6	0.941071	0.192892	0.023389	0.00201634	0.000134914	
0.61	0.939127	0.195867	0.0241541	0.00211741	0.000144056	
0.62	0.937153	0.198831	0.0249305	0.00222174	0.000153651	
0.63	0.93515	0.201782	0.0257181	0.00232936	0.000163713	
0.64	0.933118	0.204722	0.0265168	0.00244032	0.000174257	
0.65	0.931056	0.20765	0.0273265	0.00255467	0.000185297	
0.66	0.928965	0.210565	0.0281473	0.00267245	0.000196848	
0.67	0.926845	0.213467	0.028979	0.0027937	0.000208926	
0.68	0.924696	0.216357	0.0298215	0.00291847	0.000221544	
0.69	0.922518	0.219234	0.0306748	0.00304679	0.00023472	
0.7	0.920311	0.222098	0.0315388	0.00317872	0.000248468	
0.71	0.918076	0.224949	0.0324134	0.0033143	0.000262804	
0.72	0.915812	0.227787	0.0332986	0.00345356	0.000277745	
0.73	0.91352	0.23061	0.0341942	0.00359656	0.000293305	
0.74	0.9112	0.233421	0.0351003	0.00374332	0.000309503	
0.75	0.908852	0.236217	0.0360166	0.00389389	0.000326353	
0.76	0.906476	0.238999	0.0369433	0.00404832	0.000343872	
0.77	0.904072	0.241768	0.03788	0.00420663	0.000362078	
0.78	0.90164	0.244521	0.0388269	0.00436888	0.000380987	
0.79	0.899181	0.247261	0.0397838	0.00453509	0.000400617	
0.8	0.896695	0.249986	0.0407505	0.00470532	0.000420984	
0.81	0.894182	0.252695	0.0417271	0.00487958	0.000442106	
0.82	0.891641	0.25539	0.0427135	0.00505794	0.000464001	
0.83	0.889074	0.25807	0.0437095	0.00524041	0.000486685	
0.84	0.88648	0.260735	0.0447152	0.00542704	0.000510178	
0.85	0.883859	0.263384	0.0457303	0.00561786	0.000534497	
0.86	0.881212	0.266017	0.0467548	0.00581292	0.000559659	
0.87	0.878539	0.268635	0.0477886	0.00601224	0.000585684	
0.88	0.87584	0.271237	0.0488317	0.00621585	0.00061259	
0.89	0.873114	0.273823	0.0498839	0.0064238	0.000640395	
0.9	0.870363	0.276393	0.0509452	0.00663612	0.000669118	
0.91	0.867587	0.278946	0.0520154	0.00685284	0.000698777	
0.92	0.864784	0.281483	0.0530945	0.00707399	0.000729392	
0.93	0.861957	0.284003	0.0541823	0.00729961	0.000760982	
0.94	0.859104	0.286507	0.0552789	0.00752973	0.000793565	
0.95	0.856227	0.288993	0.056384	0.00776437	0.000827161	
0.96	0.853325	0.291463	0.0574976	0.00800357	0.000861789	
0.97	0.850398	0.293916	0.0586196	0.00824737	0.000897469	
0.98	0.847446	0.296351	0.0597499	0.00849578	0.000934221	
0.99	0.844471	0.298769	0.0608884	0.00874884	0.000972063	
1	0.841471	0.301169	0.0620351	0.00900658	0.00101102	
1.01	0.838447	0.303551	0.0631897	0.00926903	0.0010511	
1.02	0.8354	0.305916	0.0643522	0.0095362	0.00109233	
1.03	0.832329	0.308262	0.0655225	0.00980814	0.00113474	
1.04	0.829235	0.310591	0.0667006	0.0100849	0.00117833	
1.05	0.826117	0.312901	0.0678862	0.0103664	0.00122314	
1.06	0.822977	0.315193	0.0690793	0.0106528	0.00126918	
1.07	0.819814	0.317467	0.0702799	0.010944	0.00131647	
1.08	0.816628	0.319722	0.0714877	0.0112401	0.00136503	
1.09	0.813419	0.321958	0.0727027	0.0115412	0.00141489	
1.1	0.810189	0.324175	0.0739248	0.0118471	0.00146606	
1.11	0.806936	0.326373	0.0751539	0.0121581	0.00151856	
1.12	0.803661	0.328552	0.0763899	0.012474	0.00157242	
1.13	0.800365	0.330712	0.0776326	0.0127949	0.00162765	
1.14	0.797047	0.332853	0.078882	0.0131208	0.00168428	
1.15	0.793708	0.334974	0.080138	0.0134518	0.00174233	
1.16	0.790348	0.337076	0.0814004	0.0137878	0.00180182	
1.17	0.786966	0.339158	0.0826691	0.0141289	0.00186276	
1.18	0.783564	0.34122	0.083944	0.0144751	0.00192519	
1.19	0.780142	0.343262	0.0852251	0.0148264	0.00198912	
1.2	0.776699	0.345285	0.0865122	0.0151829	0.00205457	
1.21	0.773236	0.347287	0.0878052	0.0155445	0.00212157	
1.22	0.769754	0.349269	0.0891039	0.0159112	0.00219013	
1.23	0.766251	0.35123	0.0904083	0.0162832	0.00226028	
1.24	0.762729	0.353172	0.0917183	0.0166603	0.00233204	
1.25	0.759188	0.355092	0.0930337	0.0170427	0.00240543	
1.26	0.755627	0.356992	0.0943545	0.0174303	0.00248047	
1.27	0.752048	0.358872	0.0956805	0.0178231	0.00255718	
1.28	0.74845	0.36073	0.0970116	0.0182212	0.00263559	
1.29	0.744833	0.362568	0.0983476	0.0186245	0.00271571	
1.3	0.741199	0.364384	0.0996886	0.0190331	0.00279756	
1.31	0.737546	0.36618	0.101034	0.019447	0.00288118	
1.32	0.733875	0.367954	0.102385	0.0198662	0.00296657	
1.33	0.730187	0.369707	0.103739	0.0202907	0.00305377	
1.34	0.726481	0.371439	0.105099	0.0207205	0.00314279	
1.35	0.722758	0.373149	0.106462	0.0211556	0.00323365	
1.36	0.719018	0.374838	0.10783	0.0215961	0.00332638	
1.37	0.715261	0.376505	0.109202	0.0220419	0.00342099	
1.38	0.711488	0.37815	0.110578	0.022493	0.00351752	
1.39	0.707698	0.379774	0.111957	0.0229495	0.00361597	
1.4	0.703893	0.381375	0.11334	0.0234113	0.00371637	
1.41	0.700071	0.382955	0.114727	0.0238785	0.00381875	
1.42	0.696234	0.384513	0.116117	0.0243511	0.00392312	
1.43	0.692381	0.386048	0.117511	0.024829	0.0040295	
1.44	0.688513	0.387562	0.118908	0.0253122	0.00413792	
1.45	0.68463	0.389053	0.120308	0.0258009	0.0042484	
1.46	0.680732	0.390522	0.121711	0.0262949	0.00436095	
1.47	0.676819	0.391968	0.123116	0.0267943	0.00447561	
1.48	0.672892	0.393392	0.124525	0.027299	0.00459238	
1.49	0.668952	0.394794	0.125936	0.0278092	0.0047113	
1.5	0.664997	0.396173	0.127349	0.0283246	0.00483238	
1.51	0.661028	0.397529	0.128765	0.0288455	0.00495564	
1.52	0.657046	0.398863	0.130183	0.0293717	0.00508111	
1.53	0.653051	0.400174	0.131604	0.0299033	0.0052088	
1.54	0.649043	0.401462	0.133026	0.0304402	0.00533873	
1.55	0.645022	0.402727	0.13445	0.0309825	0.00547094	
1.56	0.640988	0.403969	0.135876	0.0315301	0.00560543	
1.57	0.636942	0.405189	0.137303	0.0320831	0.00574222	
1.58	0.632885	0.406385	0.138732	0.0326414	0.00588135	
1.59	0.628815	0.407558	0.140163	0.033205	0.00602282	
1.6	0.624734	0.408708	0.141594	0.0337739	0.00616666	
1.61	0.620641	0.409835	0.143027	0.0343482	0.00631289	
1.62	0.616537	0.410939	0.144461	0.0349277	0.00646153	
1.63	0.612422	0.412019	0.145895	0.0355126	0.00661259	
1.64	0.608297	0.413076	0.147331	0.0361027	0.0067661	
1.65	0.604161	0.41411	0.148767	0.0366981	0.00692208	
1.66	0.600014	0.41512	0.150203	0.0372987	0.00708055	
1.67	0.595858	0.416107	0.15164	0.0379046	0.00724153	
1.68	0.591692	0.417071	0.153077	0.0385157	0.00740503	
1.69	0.587517	0.418011	0.154514	0.039132	0.00757107	
1.7	0.583332	0.418927	0.155952	0.0397536	0.00773968	
1.71	0.579138	0.41982	0.157389	0.0403803	0.00791087	
1.72	0.574936	0.42069	0.158826	0.0410122	0.00808467	
1.73	0.570725	0.421536	0.160262	0.0416493	0.00826108	
1.74	0.566505	0.422358	0.161698	0.0422915	0.00844014	
1.75	0.562278	0.423156	0.163133	0.0429388	0.00862185	
1.76	0.558042	0.423931	0.164568	0.0435912	0.00880625	
1.77	0.553799	0.424682	0.166002	0.0442487	0.00899333	
1.78	0.549549	0.42541	0.167434	0.0449113	0.00918313	
1.79	0.545291	0.426114	0.168866	0.0455789	0.00937566	
1.8	0.541026	0.426794	0.170296	0.0462516	0.00957093	
1.81	0.536755	0.42745	0.171725	0.0469292	0.00976898	
1.82	0.532478	0.428082	0.173153	0.0476118	0.0099698	
1.83	0.528194	0.428691	0.174579	0.0482994	0.0101734	
1.84	0.523904	0.429276	0.176003	0.048992	0.0103799	
1.85	0.519608	0.429837	0.177425	0.0496894	0.0105891	
1.86	0.515307	0.430374	0.178845	0.0503917	0.0108013	
1.87	0.511001	0.430888	0.180263	0.0510989	0.0110163	
1.88	0.506689	0.431377	0.181679	0.0518109	0.0112342	
1.89	0.502373	0.431843	0.183092	0.0525277	0.0114549	
1.9	0.498053	0.432285	0.184503	0.0532494	0.0116786	
1.91	0.493728	0.432704	0.185912	0.0539757	0.0119053	
1.92	0.489399	0.433098	0.187317	0.0547068	0.0121348	
1.93	0.485066	0.433469	0.18872	0.0554426	0.0123674	
1.94	0.480729	0.433816	0.190119	0.0561831	0.0126029	
1.95	0.47639	0.434139	0.191516	0.0569282	0.0128414	
1.96	0.472047	0.434438	0.192909	0.0576779	0.0130829	
1.97	0.467701	0.434714	0.194299	0.0584321	0.0133275	
1.98	0.463353	0.434965	0.195686	0.059191	0.0135751	
1.99	0.459002	0.435193	0.197069	0.0599543	0.0138257	
2	0.454649	0.435398	0.198448	0.0607221	0.0140794	
2.01	0.450294	0.435578	0.199823	0.0614944	0.0143362	
2.02	0.445937	0.435735	0.201195	0.062271	0.014596	
2.03	0.441579	0.435869	0.202562	0.0630521	0.014859	
2.04	0.43722	0.435978	0.203925	0.0638374	0.0151251	
2.05	0.43286	0.436065	0.205284	0.0646271	0.0153943	
2.06	0.428499	0.436127	0.206638	0.0654211	0.0156667	
2.07	0.424137	0.436166	0.207988	0.0662192	0.0159422	
2.08	0.419775	0.436182	0.209332	0.0670216	0.016221	
2.09	0.415414	0.436173	0.210673	0.0678281	0.0165028	
2.1	0.411052	0.436142	0.212008	0.0686387	0.0167879	
2.11	0.406691	0.436087	0.213338	0.0694534	0.0170762	
2.12	0.40233	0.436009	0.214663	0.0702722	0.0173677	
2.13	0.397971	0.435907	0.215983	0.0710949	0.0176624	
2.14	0.393612	0.435782	0.217297	0.0719216	0.0179604	
2.15	0.389255	0.435634	0.218606	0.0727522	0.0182616	
2.16	0.3849	0.435462	0.219909	0.0735866	0.018566	
2.17	0.380546	0.435268	0.221207	0.0744249	0.0188738	
2.18	0.376194	0.43505	0.222498	0.075267	0.0191848	
2.19	0.371845	0.434809	0.223784	0.0761128	0.0194991	
2.2	0.367498	0.434545	0.225063	0.0769623	0.0198167	
2.21	0.363154	0.434258	0.226337	0.0778154	0.0201376	
2.22	0.358813	0.433948	0.227604	0.0786721	0.0204618	
2.23	0.354475	0.433616	0.228864	0.0795324	0.0207893	
2.24	0.350141	0.43326	0.230118	0.0803962	0.0211202	
2.25	0.34581	0.432882	0.231365	0.0812635	0.0214544	
2.26	0.341483	0.432481	0.232606	0.0821342	0.0217919	
2.27	0.337161	0.432057	0.23384	0.0830082	0.0221328	
2.28	0.332842	0.431611	0.235066	0.0838855	0.0224771	
2.29	0.328529	0.431142	0.236286	0.0847661	0.0228247	
2.3	0.32422	0.43065	0.237498	0.08565	0.0231757	
2.31	0.319916	0.430137	0.238703	0.086537	0.0235301	
2.32	0.315617	0.4296	0.239901	0.0874271	0.0238878	
2.33	0.311324	0.429042	0.241091	0.0883202	0.0242489	
2.34	0.307036	0.428461	0.242273	0.0892164	0.0246135	
2.35	0.302755	0.427859	0.243448	0.0901155	0.0249814	
2.36	0.298479	0.427234	0.244615	0.0910176	0.0253528	
2.37	0.29421	0.426587	0.245773	0.0919225	0.0257275	
2.38	0.289947	0.425918	0.246924	0.0928302	0.0261057	
2.39	0.285692	0.425228	0.248067	0.0937406	0.0264872	
2.4	0.281443	0.424515	0.249201	0.0946537	0.0268722	
2.41	0.277201	0.423781	0.250327	0.0955695	0.0272606	
2.42	0.272967	0.423026	0.251445	0.0964878	0.0276525	
2.43	0.268741	0.422248	0.252553	0.0974087	0.0280477	
2.44	0.264523	0.42145	0.253654	0.098332	0.0284464	
2.45	0.260312	0.42063	0.254745	0.0992577	0.0288485	
2.46	0.25611	0.419789	0.255827	0.100186	0.0292541	
2.47	0.251916	0.418926	0.256901	0.101116	0.0296631	
2.48	0.247732	0.418043	0.257965	0.102049	0.0300755	
2.49	0.243556	0.417138	0.259021	0.102984	0.0304913	
2.5	0.239389	0.416213	0.260067	0.10392	0.0309106	
2.51	0.235231	0.415267	0.261103	0.104859	0.0313333	
2.52	0.231084	0.4143	0.262131	0.1058	0.0317594	
2.53	0.226946	0.413312	0.263148	0.106743	0.032189	
2.54	0.222817	0.412304	0.264156	0.107688	0.032622	
2.55	0.218699	0.411276	0.265154	0.108635	0.0330584	
2.56	0.214592	0.410227	0.266143	0.109583	0.0334983	
2.57	0.210495	0.409158	0.267121	0.110533	0.0339416	
2.58	0.206409	0.408069	0.268089	0.111485	0.0343883	
2.59	0.202334	0.406959	0.269048	0.112438	0.0348384	
2.6	0.19827	0.40583	0.269996	0.113393	0.0352919	
2.61	0.194217	0.404681	0.270934	0.114349	0.0357489	
2.62	0.190176	0.403513	0.271861	0.115306	0.0362092	
2.63	0.186147	0.402324	0.272778	0.116265	0.0366729	
2.64	0.18213	0.401117	0.273684	0.117225	0.0371401	
2.65	0.178125	0.399889	0.27458	0.118187	0.0376106	
2.66	0.174132	0.398643	0.275465	0.119149	0.0380845	
2.67	0.170152	0.397377	0.27634	0.120112	0.0385619	
2.68	0.166185	0.396093	0.277203	0.121077	0.0390425	
2.69	0.16223	0.394789	0.278055	0.122042	0.0395266	
2.7	0.158289	0.393467	0.278897	0.123008	0.040014	
2.71	0.154361	0.392126	0.279727	0.123975	0.0405047	
2.72	0.150446	0.390766	0.280546	0.124943	0.0409988	
2.73	0.146546	0.389388	0.281354	0.125912	0.0414963	
2.74	0.142659	0.387992	0.28215	0.12688	0.0419971	
2.75	0.138786	0.386578	0.282935	0.12785	0.0425012	
2.76	0.134927	0.385145	0.283709	0.12882	0.0430086	
2.77	0.131083	0.383694	0.28447	0.12979	0.0435193	
2.78	0.127253	0.382226	0.285221	0.130761	0.0440333	
2.79	0.123439	0.38074	0.285959	0.131732	0.0445506	
2.8	0.119639	0.379236	0.286686	0.132703	0.0450711	
2.81	0.115854	0.377715	0.287401	0.133674	0.0455949	
2.82	0.112084	0.376176	0.288103	0.134645	0.046122	
2.83	0.10833	0.374621	0.288794	0.135616	0.0466523	
2.84	0.104592	0.373048	0.289473	0.136587	0.0471858	
2.85	0.100869	0.371458	0.290139	0.137558	0.0477226	
2.86	0.0971629	0.369852	0.290794	0.138529	0.0482625	
2.87	0.0934725	0.368229	0.291436	0.139499	0.0488056	
2.88	0.0897984	0.366589	0.292066	0.140469	0.0493519	
2.89	0.0861408	0.364934	0.292683	0.141438	0.0499014	
2.9	0.0824998	0.363261	0.293288	0.142407	0.050454	
2.91	0.0788756	0.361573	0.29388	0.143376	0.0510097	
2.92	0.0752684	0.359869	0.29446	0.144343	0.0515686	
2.93	0.0716783	0.358149	0.295027	0.14531	0.0521306	
2.94	0.0681054	0.356413	0.295581	0.146276	0.0526956	
2.95	0.06455	0.354662	0.296123	0.147242	0.0532637	
2.96	0.0610123	0.352895	0.296652	0.148206	0.0538349	
2.97	0.0574922	0.351113	0.297168	0.149169	0.0544091	
2.98	0.05399	0.349316	0.297671	0.150131	0.0549863	
2.99	0.0505059	0.347504	0.298161	0.151092	0.0555665	
3	0.04704	0.345677	0.298637	0.152052	0.0561497	
3.01	0.0435924	0.343836	0.299101	0.15301	0.0567359	
3.02	0.0401633	0.34198	0.299552	0.153967	0.057325	
3.03	0.0367529	0.34011	0.29999	0.154922	0.057917	
3.04	0.0333612	0.338225	0.300414	0.155876	0.058512	
3.05	0.0299884	0.336327	0.300825	0.156829	0.0591098	
3.06	0.0266347	0.334414	0.301222	0.157779	0.0597105	
3.07	0.0233002	0.332488	0.301607	0.158728	0.0603141	
3.08	0.019985	0.330548	0.301978	0.159675	0.0609205	
3.09	0.0166892	0.328595	0.302335	0.16062	0.0615296	
3.1	0.0134131	0.326628	0.302679	0.161563	0.0621416	
3.11	0.0101567	0.324649	0.303009	0.162504	0.0627563	
3.12	0.00692018	0.322656	0.303326	0.163443	0.0633738	
3.13	0.00370364	0.320651	0.303629	0.16438	0.063994	
3.14	0.000507214	0.318632	0.303919	0.165315	0.0646169	
3.15	-0.00266897	0.316602	0.304194	0.166247	0.0652424	
3.16	-0.00582478	0.314559	0.304457	0.167176	0.0658706	
3.17	-0.0089601	0.312504	0.304705	0.168103	0.0665014	
3.18	-0.0120748	0.310436	0.304939	0.169028	0.0671348	
3.19	-0.0151688	0.308357	0.30516	0.16995	0.0677708	
3.2	-0.0182419	0.306267	0.305367	0.170869	0.0684093	
3.21	-0.0212941	0.304164	0.30556	0.171785	0.0690504	
3.22	-0.0243252	0.30205	0.305739	0.172699	0.0696939	
3.23	-0.0273351	0.299926	0.305904	0.17361	0.0703399	
3.24	-0.0303236	0.29779	0.306055	0.174517	0.0709884	
3.25	-0.0332908	0.295643	0.306192	0.175422	0.0716393	
3.26	-0.0362365	0.293485	0.306315	0.176323	0.0722925	
3.27	-0.0391605	0.291317	0.306424	0.177221	0.0729482	
3.28	-0.0420628	0.289138	0.306519	0.178116	0.0736061	
3.29	-0.0449432	0.28695	0.3066	0.179007	0.0742664	
3.3	-0.0478017	0.284751	0.306666	0.179895	0.0749289	
3.31	-0.0506382	0.282542	0.306719	0.180779	0.0755937	
3.32	-0.0534525	0.280324	0.306757	0.18166	0.0762607	
3.33	-0.0562446	0.278096	0.306781	0.182537	0.0769299	
3.34	-0.0590144	0.275858	0.306792	0.18341	0.0776012	
3.35	-0.0617618	0.273612	0.306787	0.18428	0.0782747	
3.36	-0.0644866	0.271356	0.306769	0.185145	0.0789502	
3.37	-0.0671889	0.269092	0.306736	0.186007	0.0796279	
3.38	-0.0698684	0.266819	0.30669	0.186864	0.0803075	
3.39	-0.0725252	0.264537	0.306629	0.187718	0.0809892	
3.4	-0.0751591	0.262247	0.306553	0.188567	0.0816728	
3.41	-0.0777701	0.259948	0.306464	0.189412	0.0823584	
3.42	-0.0803581	0.257642	0.30636	0.190253	0.0830458	
3.43	-0.0829229	0.255328	0.306242	0.191089	0.0837352	
3.44	-0.0854646	0.253006	0.30611	0.19192	0.0844263	
3.45	-0.087983	0.250677	0.305963	0.192748	0.0851193	
3.46	-0.0904781	0.24834	0.305802	0.19357	0.085814	
3.47	-0.0929498	0.245996	0.305627	0.194388	0.0865105	
3.48	-0.095398	0.243646	0.305437	0.195201	0.0872087	
3.49	-0.0978227	0.241288	0.305234	0.196009	0.0879085	
3.5	-0.100224	0.238924	0.305016	0.196813	0.08861	
3.51	-0.102601	0.236553	0.304783	0.197611	0.0893131	
3.52	-0.104955	0.234176	0.304537	0.198404	0.0900177	
3.53	-0.107285	0.231793	0.304276	0.199193	0.0907238	
3.54	-0.109591	0.229404	0.304001	0.199976	0.0914314	
3.55	-0.111873	0.227009	0.303711	0.200753	0.0921405	
3.56	-0.114131	0.224609	0.303408	0.201526	0.092851	
3.57	-0.116365	0.222203	0.30309	0.202293	0.0935628	
3.58	-0.118575	0.219792	0.302758	0.203054	0.094276	
3.59	-0.120761	0.217375	0.302412	0.20381	0.0949905	
3.6	-0.122922	0.214954	0.302051	0.204561	0.0957062	
3.61	-0.12506	0.212529	0.301676	0.205306	0.0964232	
3.62	-0.127173	0.210098	0.301288	0.206045	0.0971413	
3.63	-0.129262	0.207664	0.300885	0.206778	0.0978606	
3.64	-0.131326	0.205225	0.300468	0.207505	0.098581	
3.65	-0.133366	0.202782	0.300036	0.208227	0.0993024	
3.66	-0.135382	0.200335	0.299591	0.208942	0.100025	
3.67	-0.137373	0.197885	0.299132	0.209651	0.100748	
3.68	-0.139339	0.195431	0.298658	0.210355	0.101473	
3.69	-0.141282	0.192974	0.298171	0.211052	0.102198	
3.7	-0.143199	0.190514	0.29767	0.211742	0.102924	
3.71	-0.145092	0.188051	0.297154	0.212427	0.103651	
3.72	-0.14696	0.185585	0.296625	0.213105	0.104379	
3.73	-0.148803	0.183116	0.296082	0.213776	0.105107	
3.74	-0.150622	0.180645	0.295525	0.214441	0.105836	
3.75	-0.152416	0.178171	0.294954	0.2151	0.106566	
3.76	-0.154186	0.175696	0.294369	0.215752	0.107297	
3.77	-0.15593	0.173219	0.29377	0.216397	0.108028	
3.78	-0.15765	0.17074	0.293158	0.217035	0.108759	
3.79	-0.159345	0.168259	0.292532	0.217667	0.109491	
3.8	-0.161015	0.165777	0.291892	0.218291	0.110224	
3.81	-0.162661	0.163294	0.291238	0.218909	0.110956	
3.82	-0.164281	0.160809	0.290571	0.219519	0.111689	
3.83	-0.165877	0.158324	0.289891	0.220123	0.112423	
3.84	-0.167448	0.155838	0.289196	0.220719	0.113157	
3.85	-0.168994	0.153352	0.288489	0.221309	0.11389	
3.86	-0.170515	0.150865	0.287768	0.22189	0.114625	
3.87	-0.172011	0.148378	0.287033	0.222465	0.115359	
3.88	-0.173482	0.145892	0.286285	0.223032	0.116093	
3.89	-0.174929	0.143405	0.285524	0.223592	0.116827	
3.9	-0.17635	0.140918	0.284749	0.224145	0.117562	
3.91	-0.177747	0.138433	0.283961	0.224689	0.118296	
3.92	-0.179119	0.135947	0.28316	0.225226	0.11903	
3.93	-0.180466	0.133463	0.282346	0.225756	0.119764	
3.94	-0.181788	0.13098	0.281519	0.226278	0.120498	
3.95	-0.183086	0.128498	0.280679	0.226792	0.121231	
3.96	-0.184358	0.126017	0.279825	0.227298	0.121964	
3.97	-0.185606	0.123538	0.278959	0.227797	0.122697	
3.98	-0.186829	0.12106	0.27808	0.228287	0.12343	
3.99	-0.188027	0.118584	0.277188	0.228769	0.124162	
4	-0.189201	0.116111	0.276284	0.229244	0.124893	
4.01	-0.190349	0.113639	0.275366	0.22971	0.125624	
4.02	-0.191473	0.11117	0.274436	0.230168	0.126354	
4.03	-0.192573	0.108704	0.273494	0.230618	0.127084	
4.04	-0.193648	0.10624	0.272539	0.23106	0.127813	
4.05	-0.194698	0.103779	0.271571	0.231494	0.128542	
4.06	-0.195723	0.101321	0.270591	0.231919	0.129269	
4.07	-0.196724	0.0988663	0.269598	0.232336	0.129996	
4.08	-0.1977	0.096415	0.268594	0.232744	0.130722	
4.09	-0.198652	0.0939671	0.267577	0.233144	0.131447	
4.1	-0.19958	0.091523	0.266548	0.233535	0.132171	
4.11	-0.200483	0.0890827	0.265507	0.233918	0.132894	
4.12	-0.201361	0.0866464	0.264453	0.234292	0.133616	
4.13	-0.202216	0.0842143	0.263388	0.234658	0.134337	
4.14	-0.203046	0.0817865	0.262311	0.235015	0.135056	
4.15	-0.203851	0.0793632	0.261222	0.235363	0.135775	
4.16	-0.204633	0.0769446	0.260122	0.235702	0.136492	
4.17	-0.20539	0.0745307	0.25901	0.236032	0.137208	
4.18	-0.206124	0.0721219	0.257886	0.236354	0.137922	
4.19	-0.206833	0.0697182	0.25675	0.236667	0.138635	
4.2	-0.207518	0.0673197	0.255604	0.23697	0.139347	
4.21	-0.208179	0.0649267	0.254445	0.237265	0.140057	
4.22	-0.208817	0.0625393	0.253276	0.237551	0.140765	
4.23	-0.20943	0.0601576	0.252095	0.237827	0.141472	
4.24	-0.21002	0.0577819	0.250903	0.238095	0.142177	
4.25	-0.210586	0.0554122	0.2497	0.238353	0.142881	
4.26	-0.211128	0.0530487	0.248486	0.238602	0.143583	
4.27	-0.211647	0.0506916	0.247261	0.238842	0.144282	
4.28	-0.212142	0.0483409	0.246026	0.239072	0.14498	
4.29	-0.212614	0.045997	0.244779	0.239294	0.145676	
4.3	-0.213062	0.0436598	0.243522	0.239506	0.14637	
4.31	-0.213487	0.0413297	0.242255	0.239708	0.147063	
4.32	-0.213888	0.0390066	0.240976	0.239901	0.147753	
4.33	-0.214267	0.0366908	0.239688	0.240085	0.14844	
4.34	-0.214622	0.0343824	0.238389	0.240259	0.149126	
4.35	-0.214955	0.0320815	0.23708	0.240424	0.149809	
4.36	-0.215264	0.0297883	0.23576	0.240579	0.150491	
4.37	-0.21555	0.027503	0.234431	0.240725	0.151169	
4.38	-0.215814	0.0252256	0.233092	0.240861	0.151846	
4.39	-0.216055	0.0229564	0.231743	0.240987	0.15252	
4.4	-0.216273	0.0206954	0.230384	0.241104	0.153191	
4.41	-0.216469	0.0184428	0.229015	0.241211	0.15386	
4.42	-0.216642	0.0161988	0.227637	0.241309	0.154527	
4.43	-0.216793	0.0139634	0.226249	0.241397	0.15519	
4.44	-0.216921	0.0117369	0.224852	0.241475	0.155851	
4.45	-0.217028	0.00951929	0.223445	0.241543	0.15651	
4.46	-0.217112	0.0073108	0.222029	0.241601	0.157165	
4.47	-0.217174	0.00511153	0.220604	0.24165	0.157818	
4.48	-0.217214	0.00292163	0.219171	0.241688	0.158467	
4.49	-0.217232	0.00074121	0.217728	0.241717	0.159114	
4.5	-0.217229	-0.00142958	0.216276	0.241736	0.159758	
4.51	-0.217204	-0.00359062	0.214815	0.241745	0.160399	
4.52	-0.217157	-0.00574177	0.213346	0.241744	0.161036	
4.53	-0.217089	-0.00788291	0.211869	0.241733	0.161671	
4.54	-0.217	-0.0100139	0.210382	0.241713	0.162302	
4.55	-0.216889	-0.0121346	0.208888	0.241682	0.16293	
4.56	-0.216757	-0.014245	0.207385	0.241641	0.163555	
4.57	-0.216604	-0.0163448	0.205874	0.24159	0.164176	
4.58	-0.21643	-0.0184339	0.204355	0.241529	0.164794	
4.59	-0.216235	-0.0205123	0.202829	0.241458	0.165409	
4.6	-0.21602	-0.0225798	0.201294	0.241377	0.16602	
4.61	-0.215784	-0.0246363	0.199751	0.241286	0.166627	
4.62	-0.215527	-0.0266817	0.198201	0.241185	0.167231	
4.63	-0.21525	-0.0287158	0.196644	0.241074	0.167831	
4.64	-0.214953	-0.0307386	0.195079	0.240953	0.168428	
4.65	-0.214635	-0.0327499	0.193506	0.240821	0.16902	
4.66	-0.214298	-0.0347495	0.191927	0.24068	0.169609	
4.67	-0.21394	-0.0367375	0.19034	0.240528	0.170194	
4.68	-0.213563	-0.0387136	0.188747	0.240366	0.170775	
4.69	-0.213166	-0.0406778	0.187146	0.240194	0.171352	
4.7	-0.21275	-0.04263	0.185539	0.240012	0.171926	
4.71	-0.212314	-0.04457	0.183925	0.23982	0.172495	
4.72	-0.211858	-0.0464977	0.182305	0.239617	0.17306	
4.73	-0.211384	-0.0484131	0.180678	0.239404	0.17362	
4.74	-0.21089	-0.0503159	0.179045	0.239181	0.174177	
4.75	-0.210377	-0.0522062	0.177405	0.238948	0.174729	
4.76	-0.209846	-0.0540838	0.17576	0.238705	0.175277	
4.77	-0.209296	-0.0559486	0.174108	0.238452	0.175821	
4.78	-0.208727	-0.0578005	0.172451	0.238188	0.176361	
4.79	-0.20814	-0.0596394	0.170787	0.237914	0.176895	
4.8	-0.207534	-0.0614653	0.169119	0.23763	0.177426	
4.81	-0.206911	-0.0632779	0.167444	0.237336	0.177952	
4.82	-0.206269	-0.0650772	0.165764	0.237032	0.178473	
4.83	-0.205609	-0.0668632	0.164079	0.236717	0.178989	
4.84	-0.204932	-0.0686356	0.162389	0.236393	0.179501	
4.85	-0.204236	-0.0703945	0.160693	0.236058	0.180009	
4.86	-0.203524	-0.0721398	0.158993	0.235713	0.180511	
4.87	-0.202794	-0.0738712	0.157288	0.235358	0.181009	
4.88	-0.202046	-0.0755889	0.155578	0.234992	0.181501	
4.89	-0.201282	-0.0772926	0.153863	0.234617	0.181989	
4.9	-0.200501	-0.0789822	0.152144	0.234231	0.182472	
4.91	-0.199702	-0.0806578	0.150421	0.233836	0.18295	
4.92	-0.198887	-0.0823192	0.148693	0.23343	0.183423	
4.93	-0.198056	-0.0839662	0.146961	0.233014	0.18389	
4.94	-0.197208	-0.085599	0.145225	0.232588	0.184353	
4.95	-0.196344	-0.0872173	0.143485	0.232152	0.18481	
4.96	-0.195464	-0.088821	0.141741	0.231706	0.185262	
4.97	-0.194568	-0.0904102	0.139994	0.231249	0.185709	
4.98	-0.193656	-0.0919847	0.138243	0.230783	0.186151	
4.99	-0.192728	-0.0935445	0.136489	0.230307	0.186587	
5	-0.191785	-0.0950894	0.134731	0.229821	0.187018	
5.01	-0.190826	-0.0966194	0.13297	0.229324	0.187443	
5.02	-0.189853	-0.0981345	0.131206	0.228818	0.187863	
5.03	-0.188864	-0.0996345	0.129439	0.228302	0.188277	
5.04	-0.18786	-0.101119	0.12767	0.227776	0.188686	
5.05	-0.186841	-0.102589	0.125897	0.22724	0.189089	
5.06	-0.185808	-0.104044	0.124122	0.226694	0.189486	
5.07	-0.18476	-0.105483	0.122345	0.226138	0.189878	
5.08	-0.183699	-0.106907	0.120565	0.225573	0.190264	
5.09	-0.182622	-0.108315	0.118783	0.224997	0.190644	
5.1	-0.181532	-0.109708	0.116998	0.224412	0.191018	
5.11	-0.180428	-0.111085	0.115212	0.223817	0.191387	
5.12	-0.179311	-0.112447	0.113424	0.223212	0.191749	
5.13	-0.178179	-0.113793	0.111634	0.222598	0.192106	
5.14	-0.177035	-0.115123	0.109842	0.221974	0.192456	
5.15	-0.175877	-0.116438	0.108049	0.22134	0.192801	
5.16	-0.174706	-0.117736	0.106255	0.220696	0.19314	
5.17	-0.173522	-0.119019	0.104459	0.220043	0.193472	
5.18	-0.172326	-0.120286	0.102662	0.219381	0.193798	
5.19	-0.171117	-0.121537	0.100864	0.218708	0.194118	
5.2	-0.169895	-0.122771	0.0990654	0.218027	0.194432	
5.21	-0.168661	-0.12399	0.0972658	0.217335	0.19474	
5.22	-0.167415	-0.125193	0.0954655	0.216635	0.195041	
5.23	-0.166158	-0.126379	0.0936647	0.215925	0.195336	
5.24	-0.164888	-0.127549	0.0918634	0.215205	0.195625	
5.25	-0.163607	-0.128703	0.0900619	0.214476	0.195907	
5.26	-0.162314	-0.129841	0.0882601	0.213738	0.196182	
5.27	-0.16101	-0.130962	0.0864583	0.212991	0.196452	
5.28	-0.159695	-0.132067	0.0846566	0.212234	0.196715	
5.29	-0.158369	-0.133156	0.082855	0.211468	0.196971	
5.3	-0.157032	-0.134228	0.0810537	0.210693	0.19722	
5.31	-0.155684	-0.135283	0.0792529	0.209909	0.197464	
5.32	-0.154326	-0.136322	0.0774526	0.209116	0.1977	
5.33	-0.152958	-0.137345	0.075653	0.208314	0.19793	
5.34	-0.151579	-0.138351	0.0738541	0.207502	0.198153	
5.35	-0.150191	-0.13934	0.0720562	0.206682	0.198369	
5.36	-0.148792	-0.140313	0.0702593	0.205853	0.198578	
5.37	-0.147384	-0.141269	0.0684635	0.205015	0.198781	
5.38	-0.145967	-0.142208	0.066669	0.204168	0.198977	
5.39	-0.14454	-0.143131	0.0648758	0.203312	0.199166	
5.4	-0.143105	-0.144037	0.0630842	0.202448	0.199348	
5.41	-0.14166	-0.144926	0.0612942	0.201575	0.199523	
5.42	-0.140206	-0.145798	0.059506	0.200693	0.199692	
5.43	-0.138744	-0.146654	0.0577196	0.199803	0.199853	
5.44	-0.137273	-0.147493	0.0559351	0.198904	0.200007	
5.45	-0.135794	-0.148315	0.0541528	0.197996	0.200154	
5.46	-0.134307	-0.14912	0.0523727	0.19708	0.200295	
5.47	-0.132812	-0.149909	0.0505949	0.196156	0.200428	
5.48	-0.131309	-0.15068	0.0488196	0.195224	0.200554	
5.49	-0.129798	-0.151435	0.0470468	0.194283	0.200672	
5.5	-0.12828	-0.152173	0.0452768	0.193333	0.200784	
5.51	-0.126755	-0.152894	0.0435095	0.192376	0.200888	
5.52	-0.125222	-0.153598	0.0417451	0.19141	0.200986	
5.53	-0.123683	-0.154285	0.0399838	0.190437	0.201075	
5.54	-0.122137	-0.154956	0.0382257	0.189455	0.201158	
5.55	-0.120584	-0.155609	0.0364708	0.188466	0.201234	
5.56	-0.119024	-0.156246	0.0347192	0.187468	0.201302	
5.57	-0.117459	-0.156865	0.0329712	0.186463	0.201362	
5.58	-0.115887	-0.157468	0.0312268	0.185449	0.201416	
5.59	-0.11431	-0.158054	0.0294861	0.184428	0.201462	
5.6	-0.112726	-0.158624	0.0277493	0.1834	0.2015	
5.61	-0.111137	-0.159176	0.0260164	0.182363	0.201532	
5.62	-0.109543	-0.159711	0.0242875	0.18132	0.201555	
5.63	-0.107943	-0.16023	0.0225629	0.180268	0.201572	
5.64	-0.106338	-0.160732	0.0208425	0.179209	0.20158	
5.65	-0.104728	-0.161217	0.0191266	0.178143	0.201582	
5.66	-0.103114	-0.161685	0.0174151	0.177069	0.201575	
5.67	-0.101495	-0.162136	0.0157083	0.175989	0.201562	
5.68	-0.0998712	-0.162571	0.0140062	0.174901	0.20154	
5.69	-0.0982434	-0.162989	0.0123089	0.173805	0.201511	
5.7	-0.0966115	-0.16339	0.0106166	0.172703	0.201475	
5.71	-0.0949757	-0.163775	0.00892941	0.171594	0.201431	
5.72	-0.0933361	-0.164142	0.00724736	0.170478	0.201379	
5.73	-0.0916929	-0.164494	0.00557058	0.169354	0.20132	
5.74	-0.0900462	-0.164828	0.00389919	0.168225	0.201253	
5.75	-0.0883964	-0.165146	0.0022333	0.167088	0.201178	
5.76	-0.0867434	-0.165447	0.000573004	0.165945	0.201096	
5.77	-0.0850875	-0.165732	-0.00108158	0.164795	0.201006	
5.78	-0.0834288	-0.166	-0.00273035	0.163638	0.200908	
5.79	-0.0817675	-0.166252	-0.0043732	0.162475	0.200803	
5.8	-0.0801038	-0.166487	-0.00601003	0.161306	0.200689	
5.81	-0.0784378	-0.166706	-0.00764073	0.16013	0.200568	
5.82	-0.0767698	-0.166908	-0.0092652	0.158948	0.20044	
5.83	-0.0750997	-0.167094	-0.0108833	0.15776	0.200303	
5.84	-0.0734279	-0.167263	-0.012495	0.156566	0.200159	
5.85	-0.0717545	-0.167417	-0.0141002	0.155365	0.200007	
5.86	-0.0700797	-0.167554	-0.0156987	0.154159	0.199848	
5.87	-0.0684035	-0.167675	-0.0172905	0.152947	0.19968	
5.88	-0.0667262	-0.167779	-0.0188754	0.151729	0.199505	
5.89	-0.065048	-0.167868	-0.0204534	0.150505	0.199322	
5.9	-0.0633689	-0.16794	-0.0220244	0.149275	0.199131	
5.91	-0.0616892	-0.167997	-0.0235882	0.14804	0.198932	
5.92	-0.060009	-0.168037	-0.0251448	0.1468	0.198726	
5.93	-0.0583285	-0.168061	-0.0266941	0.145554	0.198511	
5.94	-0.0566479	-0.16807	-0.0282359	0.144302	0.198289	
5.95	-0.0549672	-0.168063	-0.0297703	0.143046	0.198059	
5.96	-0.0532867	-0.168039	-0.031297	0.141784	0.197821	
5.97	-0.0516065	-0.168001	-0.0328159	0.140517	0.197576	
5.98	-0.0499267	-0.167946	-0.0343271	0.139244	0.197322	
5.99	-0.0482476	-0.167876	-0.0358304	0.137967	0.197061	
6	-0.0465692	-0.16779	-0.0373257	0.136685	0.196792	
6.01	-0.0448918	-0.167689	-0.0388129	0.135398	0.196515	
6.02	-0.0432155	-0.167572	-0.040292	0.134107	0.19623	
6.03	-0.0415405	-0.167439	-0.0417627	0.13281	0.195937	
6.04	-0.0398668	-0.167292	-0.0432252	0.131509	0.195637	
6.05	-0.0381947	-0.167129	-0.0446792	0.130204	0.195328	
6.06	-0.0365243	-0.166951	-0.0461246	0.128894	0.195012	
6.07	-0.0348557	-0.166757	-0.0475615	0.12758	0.194688	
6.08	-0.0331892	-0.166549	-0.0489896	0.126261	0.194356	
6.09	-0.0315248	-0.166326	-0.050409	0.124939	0.194017	
6.1	-0.0298627	-0.166087	-0.0518195	0.123612	0.193669	
6.11	-0.0282031	-0.165834	-0.053221	0.122281	0.193314	
6.12	-0.0265461	-0.165566	-0.0546135	0.120947	0.192951	
6.13	-0.0248918	-0.165283	-0.0559968	0.119608	0.19258	
6.14	-0.0232405	-0.164985	-0.057371	0.118266	0.192202	
6.15	-0.0215922	-0.164673	-0.0587359	0.11692	0.191815	
6.16	-0.0199471	-0.164346	-0.0600914	0.11557	0.191421	
6.17	-0.0183053	-0.164004	-0.0614375	0.114217	0.191019	
6.18	-0.016667	-0.163649	-0.062774	0.112861	0.19061	
6.19	-0.0150324	-0.163278	-0.064101	0.111501	0.190192	
6.2	-0.0134015	-0.162894	-0.0654182	0.110137	0.189767	
6.21	-0.0117746	-0.162496	-0.0667257	0.108771	0.189334	
6.22	-0.0101517	-0.162083	-0.0680234	0.107402	0.188894	
6.23	-0.00853294	-0.161656	-0.0693112	0.106029	0.188445	
6.24	-0.00691857	-0.161216	-0.070589	0.104654	0.187989	
6.25	-0.00530867	-0.160761	-0.0718567	0.103276	0.187526	
6.26	-0.00370339	-0.160293	-0.0731144	0.101895	0.187054	
6.27	-0.00210286	-0.159811	-0.0743618	0.100511	0.186576	
6.28	-0.000507214	-0.159316	-0.075599	0.0991254	0.186089	
6.29	0.00108341	-0.158807	-0.0768258	0.0977368	0.185595	
6.3	0.00266887	-0.158284	-0.0780422	0.0963458	0.185093	
6.31	0.00424905	-0.157748	-0.0792482	0.0949525	0.184584	
6.32	0.00582379	-0.157199	-0.0804436	0.093557	0.184067	
6.33	0.00739298	-0.156637	-0.0816285	0.0921594	0.183543	
6.34	0.00895649	-0.156062	-0.0828026	0.0907598	0.183011	
6.35	0.0105142	-0.155473	-0.0839661	0.0893582	0.182471	
6.36	0.0120659	-0.154872	-0.0851187	0.0879547	0.181924	
6.37	0.0136116	-0.154258	-0.0862605	0.0865495	0.18137	
6.38	0.015151	-0.153631	-0.0873913	0.0851425	0.180808	
6.39	0.0166841	-0.152992	-0.0885112	0.083734	0.180239	
6.4	0.0182108	-0.15234	-0.08962	0.082324	0.179662	
6.41	0.0197309	-0.151675	-0.0907178	0.0809126	0.179078	
6.42	0.0212443	-0.150999	-0.0918044	0.0794999	0.178487	
6.43	0.0227508	-0.15031	-0.0928798	0.0780859	0.177888	
6.44	0.0242504	-0.149609	-0.0939439	0.0766708	0.177282	
6.45	0.025743	-0.148895	-0.0949967	0.0752546	0.176668	
6.46	0.0272283	-0.14817	-0.0960381	0.0738375	0.176048	
6.47	0.0287063	-0.147433	-0.0970681	0.0724195	0.17542	
6.48	0.0301769	-0.146685	-0.0980866	0.0710007	0.174785	
6.49	0.03164	-0.145924	-0.0990935	0.0695813	0.174143	
6.5	0.0330954	-0.145153	-0.100089	0.0681612	0.173493	
6.51	0.034543	-0.144369	-0.101073	0.0667406	0.172837	
6.52	0.0359827	-0.143575	-0.102045	0.0653196	0.172173	
6.53	0.0374145	-0.142769	-0.103005	0.0638983	0.171502	
6.54	0.0388381	-0.141952	-0.103954	0.0624767	0.170825	
6.55	0.0402535	-0.141124	-0.10489	0.061055	0.17014	
6.56	0.0416605	-0.140285	-0.105815	0.0596332	0.169448	
6.57	0.0430591	-0.139435	-0.106728	0.0582115	0.16875	
6.58	0.0444492	-0.138575	-0.107629	0.0567899	0.168044	
6.59	0.0458306	-0.137704	-0.108518	0.0553685	0.167332	
6.6	0.0472032	-0.136823	-0.109395	0.0539474	0.166612	
6.61	0.048567	-0.135931	-0.11026	0.0525267	0.165886	
6.62	0.0499218	-0.135029	-0.111113	0.0511065	0.165153	
6.63	0.0512676	-0.134117	-0.111954	0.0496868	0.164413	
6.64	0.0526041	-0.133194	-0.112782	0.0482679	0.163667	
6.65	0.0539314	-0.132262	-0.113599	0.0468497	0.162914	
6.66	0.0552493	-0.13132	-0.114403	0.0454323	0.162154	
6.67	0.0565578	-0.130368	-0.115194	0.0440159	0.161388	
6.68	0.0578567	-0.129407	-0.115974	0.0426006	0.160615	
6.69	0.0591459	-0.128436	-0.116741	0.0411863	0.159836	
6.7	0.0604254	-0.127456	-0.117495	0.0397733	0.15905	
6.71	0.061695	-0.126467	-0.118238	0.0383615	0.158257	
6.72	0.0629547	-0.125469	-0.118967	0.0369512	0.157458	
6.73	0.0642043	-0.124461	-0.119685	0.0355423	0.156653	
6.74	0.0654439	-0.123445	-0.12039	0.034135	0.155841	
6.75	0.0666732	-0.12242	-0.121082	0.0327294	0.155024	
6.76	0.0678922	-0.121386	-0.121762	0.0313255	0.154199	
6.77	0.0691009	-0.120344	-0.122429	0.0299235	0.153369	
6.78	0.0702991	-0.119293	-0.123084	0.0285234	0.152532	
6.79	0.0714867	-0.118234	-0.123726	0.0271253	0.15169	
6.8	0.0726637	-0.117167	-0.124355	0.0257293	0.150841	
6.81	0.07383	-0.116091	-0.124972	0.0243355	0.149986	
6.82	0.0749855	-0.115008	-0.125576	0.022944	0.149125	
6.83	0.0761302	-0.113917	-0.126167	0.0215549	0.148258	
6.84	0.0772639	-0.112819	-0.126746	0.0201682	0.147386	
6.85	0.0783865	-0.111712	-0.127312	0.0187841	0.146507	
6.86	0.0794981	-0.110599	-0.127865	0.0174026	0.145623	
6.87	0.0805985	-0.109477	-0.128405	0.0160239	0.144732	
6.88	0.0816876	-0.108349	-0.128933	0.014648	0.143836	
6.89	0.0827654	-0.107214	-0.129448	0.0132749	0.142935	
6.9	0.0838318	-0.106071	-0.12995	0.0119049	0.142027	
6.91	0.0848868	-0.104922	-0.130439	0.0105379	0.141114	
6.92	0.0859303	-0.103766	-0.130916	0.00917414	0.140196	
6.93	0.0869621	-0.102604	-0.131379	0.0078136	0.139272	
6.94	0.0879823	-0.101435	-0.13183	0.00645638	0.138343	
6.95	0.0889908	-0.10026	-0.132268	0.00510259	0.137408	
6.96	0.0899875	-0.0990782	-0.132694	0.00375231	0.136467	
6.97	0.0909724	-0.0978906	-0.133106	0.00240562	0.135522	
6.98	0.0919453	-0.096697	-0.133506	0.00106261	0.134571	
6.99	0.0929063	-0.0954976	-0.133892	-0.000276644	0.133615	
7	0.0938552	-0.0942924	-0.134266	-0.00161205	0.132654	
7.01	0.0947921	-0.0930817	-0.134627	-0.00294352	0.131688	
7.02	0.0957168	-0.0918655	-0.134976	-0.00427097	0.130717	
7.03	0.0966294	-0.090644	-0.135311	-0.00559433	0.129741	
7.04	0.0975297	-0.0894172	-0.135634	-0.0069135	0.128759	
7.05	0.0984177	-0.0881853	-0.135943	-0.00822841	0.127773	
7.06	0.0992934	-0.0869485	-0.13624	-0.00953897	0.126782	
7.07	0.100157	-0.0857069	-0.136525	-0.0108451	0.125787	
7.08	0.101008	-0.0844605	-0.136796	-0.0121467	0.124786	
7.09	0.101846	-0.0832096	-0.137054	-0.0134437	0.123781	
7.1	0.102672	-0.0819542	-0.1373	-0.0147361	0.122772	
7.11	0.103485	-0.0806945	-0.137533	-0.0160237	0.121757	
7.12	0.104286	-0.0794306	-0.137754	-0.0173064	0.120739	
7.13	0.105074	-0.0781626	-0.137961	-0.0185843	0.119716	
7.14	0.105849	-0.0768907	-0.138156	-0.0198571	0.118688	
7.15	0.106611	-0.0756149	-0.138338	-0.0211249	0.117656	
7.16	0.107361	-0.0743355	-0.138507	-0.0223875	0.11662	
7.17	0.108098	-0.0730524	-0.138664	-0.0236448	0.11558	
7.18	0.108822	-0.071766	-0.138808	-0.0248969	0.114535	
7.19	0.109533	-0.0704762	-0.138939	-0.0261436	0.113487	
7.2	0.110232	-0.0691833	-0.139058	-0.0273848	0.112434	
7.21	0.110917	-0.0678873	-0.139164	-0.0286204	0.111377	
7.22	0.111589	-0.0665884	-0.139258	-0.0298505	0.110317	
7.23	0.112249	-0.0652866	-0.139339	-0.0310748	0.109252	
7.24	0.112895	-0.0639822	-0.139407	-0.0322934	0.108184	
7.25	0.113528	-0.0626753	-0.139463	-0.0335061	0.107112	
7.26	0.114149	-0.0613659	-0.139506	-0.0347129	0.106037	
7.27	0.114756	-0.0600542	-0.139537	-0.0359137	0.104957	
7.28	0.11535	-0.0587404	-0.139556	-0.0371084	0.103875	
7.29	0.115931	-0.0574245	-0.139562	-0.038297	0.102788	
7.3	0.116498	-0.0561068	-0.139556	-0.0394794	0.101699	
7.31	0.117053	-0.0547872	-0.139537	-0.0406554	0.100606	
7.32	0.117594	-0.053466	-0.139506	-0.0418252	0.0995095	
7.33	0.118122	-0.0521432	-0.139463	-0.0429884	0.0984099	
7.34	0.118637	-0.050819	-0.139407	-0.0441452	0.0973071	
7.35	0.119138	-0.0494936	-0.13934	-0.0452954	0.0962013	
7.36	0.119627	-0.0481669	-0.13926	-0.046439	0.0950924	
7.37	0.120102	-0.0468393	-0.139168	-0.0475758	0.0939805	
7.38	0.120563	-0.0455107	-0.139064	-0.0487059	0.0928657	
7.39	0.121012	-0.0441814	-0.138947	-0.0498291	0.0917481	
7.4	0.121447	-0.0428514	-0.138819	-0.0509454	0.0906276	
7.41	0.121869	-0.0415209	-0.138679	-0.0520547	0.0895045	
7.42	0.122277	-0.0401899	-0.138527	-0.0531569	0.0883787	
7.43	0.122673	-0.0388587	-0.138363	-0.0542521	0.0872503	
7.44	0.123055	-0.0375273	-0.138187	-0.05534	0.0861194	
7.45	0.123423	-0.0361959	-0.137999	-0.0564207	0.084986	
7.46	0.123779	-0.0348645	-0.137799	-0.0574941	0.0838502	
7.47	0.124121	-0.0335334	-0.137588	-0.0585601	0.0827121	
7.48	0.124449	-0.0322026	-0.137365	-0.0596187	0.0815718	
7.49	0.124765	-0.0308723	-0.13713	-0.0606698	0.0804293	
7.5	0.125067	-0.0295425	-0.136884	-0.0617133	0.0792846	
7.51	0.125355	-0.0282134	-0.136626	-0.0627492	0.0781379	
7.52	0.125631	-0.0268851	-0.136356	-0.0637773	0.0769892	
7.53	0.125893	-0.0255578	-0.136076	-0.0647978	0.0758386	
7.54	0.126142	-0.0242316	-0.135783	-0.0658104	0.0746861	
7.55	0.126378	-0.0229065	-0.13548	-0.0668152	0.0735318	
7.56	0.1266	-0.0215827	-0.135165	-0.067812	0.0723759	
7.57	0.126809	-0.0202603	-0.134839	-0.0688009	0.0712183	
7.58	0.127005	-0.0189395	-0.134501	-0.0697817	0.0700591	
7.59	0.127188	-0.0176203	-0.134153	-0.0707544	0.0688984	
7.6	0.127358	-0.0163029	-0.133793	-0.071719	0.0677363	
7.61	0.127514	-0.0149874	-0.133423	-0.0726753	0.0665728	
7.62	0.127658	-0.0136739	-0.133041	-0.0736234	0.065408	
7.63	0.127788	-0.0123625	-0.132649	-0.0745632	0.064242	
7.64	0.127905	-0.0110533	-0.132245	-0.0754946	0.0630748	
7.65	0.128009	-0.00974656	-0.131831	-0.0764175	0.0619065	
7.66	0.1281	-0.00844224	-0.131406	-0.077332	0.0607372	
7.67	0.128178	-0.00714051	-0.130971	-0.078238	0.059567	
7.68	0.128243	-0.00584149	-0.130524	-0.0791354	0.0583959	
7.69	0.128295	-0.00454527	-0.130068	-0.0800241	0.0572239	
7.7	0.128334	-0.00325199	-0.129601	-0.0809042	0.0560513	
7.71	0.12836	-0.00196175	-0.129123	-0.0817756	0.0548779	
7.72	0.128373	-0.000674658	-0.128635	-0.0826381	0.053704	
7.73	0.128373	0.000609167	-0.128137	-0.0834919	0.0525295	
7.74	0.128361	0.00188962	-0.127628	-0.0843368	0.0513546	
7.75	0.128335	0.00316658	-0.12711	-0.0851727	0.0501793	
7.76	0.128297	0.00443994	-0.126581	-0.0859997	0.0490037	
7.77	0.128247	0.0057096	-0.126042	-0.0868177	0.0478279	
7.78	0.128183	0.00697544	-0.125493	-0.0876267	0.0466519	
7.79	0.128107	0.00823736	-0.124935	-0.0884266	0.0454757	
7.8	0.128018	0.00949525	-0.124366	-0.0892173	0.0442996	
7.81	0.127917	0.010749	-0.123788	-0.0899988	0.0431235	
7.82	0.127803	0.0119985	-0.1232	-0.0907711	0.0419475	
7.83	0.127677	0.0132437	-0.122603	-0.0915342	0.0407716	
7.84	0.127539	0.0144844	-0.121996	-0.092288	0.0395961	
7.85	0.127388	0.0157205	-0.12138	-0.0930324	0.0384209	
7.86	0.127224	0.016952	-0.120754	-0.0937675	0.037246	
7.87	0.127049	0.0181787	-0.120119	-0.0944931	0.0360717	
7.88	0.126861	0.0194005	-0.119475	-0.0952093	0.0348978	
7.89	0.126661	0.0206174	-0.118821	-0.095916	0.0337246	
7.9	0.126448	0.0218292	-0.118159	-0.0966132	0.0325521	
7.91	0.126224	0.0230358	-0.117487	-0.0973008	0.0313803	
7.92	0.125988	0.0242371	-0.116807	-0.0979788	0.0302094	
7.93	0.125739	0.0254331	-0.116118	-0.0986472	0.0290394	
7.94	0.125479	0.0266236	-0.11542	-0.099306	0.0278703	
7.95	0.125207	0.0278085	-0.114713	-0.099955	0.0267023	
7.96	0.124923	0.0289878	-0.113998	-0.100594	0.0255353	
7.97	0.124627	0.0301613	-0.113274	-0.101224	0.0243696	
7.98	0.12432	0.0313289	-0.112542	-0.101844	0.0232051	
7.99	0.124	0.0324906	-0.111801	-0.102454	0.022042	
8	0.12367	0.0336462	-0.111052	-0.103054	0.0208802	
8.01	0.123328	0.0347957	-0.110295	-0.103644	0.0197199	
8.02	0.122974	0.035939	-0.10953	-0.104225	0.0185611	
8.03	0.122609	0.0370759	-0.108757	-0.104795	0.017404	
8.04	0.122232	0.0382064	-0.107976	-0.105356	0.0162485	
8.05	0.121845	0.0393305	-0.107187	-0.105906	0.0150948	
8.06	0.121446	0.0404479	-0.106391	-0.106447	0.0139429	
8.07	0.121036	0.0415586	-0.105586	-0.106978	0.0127929	
8.08	0.120615	0.0426626	-0.104775	-0.107498	0.0116448	
8.09	0.120183	0.0437597	-0.103955	-0.108009	0.0104988	
8.1	0.119739	0.0448498	-0.103128	-0.108509	0.00935491	
8.11	0.119286	0.045933	-0.102294	-0.109	0.00821317	
8.12	0.118821	0.047009	-0.101453	-0.10948	0.00707367	
8.13	0.118345	0.0480778	-0.100605	-0.10995	0.00593648	
8.14	0.117859	0.0491393	-0.099749	-0.11041	0.00480167	
8.15	0.117363	0.0501935	-0.0988865	-0.11086	0.00366931	
8.16	0.116855	0.0512402	-0.0980172	-0.1113	0.00253947	
8.17	0.116338	0.0522794	-0.097141	-0.111729	0.00141222	
8.18	0.11581	0.053311	-0.0962582	-0.112148	0.000287624	
8.19	0.115272	0.0543349	-0.0953688	-0.112558	-0.000834245	
8.2	0.114723	0.055351	-0.0944729	-0.112956	-0.00195332	
8.21	0.114165	0.0563593	-0.0935705	-0.113345	-0.00306953	
8.22	0.113596	0.0573597	-0.0926619	-0.113723	-0.00418281	
8.23	0.113018	0.0583521	-0.091747	-0.114091	-0.00529309	
8.24	0.112429	0.0593364	-0.090826	-0.114449	-0.0064003	
8.25	0.111831	0.0603126	-0.089899	-0.114797	-0.00750438	
8.26	0.111223	0.0612806	-0.088966	-0.115134	-0.00860525	
8.27	0.110605	0.0622403	-0.0880271	-0.115461	-0.00970286	
8.28	0.109978	0.0631916	-0.0870826	-0.115778	-0.0107971	
8.29	0.109341	0.0641345	-0.0861323	-0.116084	-0.011888	
8.3	0.108695	0.0650689	-0.0851765	-0.11638	-0.0129754	
8.31	0.10804	0.0659948	-0.0842152	-0.116666	-0.0140592	
8.32	0.107376	0.0669121	-0.0832486	-0.116941	-0.0151395	
8.33	0.106702	0.0678206	-0.0822767	-0.117206	-0.0162161	
8.34	0.106019	0.0687204	-0.0812996	-0.117461	-0.0172889	
8.35	0.105327	0.0696114	-0.0803174	-0.117706	-0.018358	
8.36	0.104627	0.0704935	-0.0793303	-0.11794	-0.0194232	
8.37	0.103918	0.0713666	-0.0783382	-0.118164	-0.0204844	
8.38	0.1032	0.0722307	-0.0773414	-0.118377	-0.0215417	
8.39	0.102473	0.0730858	-0.0763399	-0.11858	-0.0225949	
8.4	0.101738	0.0739317	-0.0753338	-0.118773	-0.023644	
8.41	0.100994	0.0747685	-0.0743232	-0.118956	-0.0246888	
8.42	0.100243	0.075596	-0.0733082	-0.119128	-0.0257295	
8.43	0.0994826	0.0764142	-0.0722889	-0.11929	-0.0267658	
8.44	0.0987144	0.077223	-0.0712654	-0.119442	-0.0277978	
8.45	0.0979381	0.0780225	-0.0702378	-0.119583	-0.0288253	
8.46	0.097154	0.0788125	-0.0692063	-0.119715	-0.0298483	
8.47	0.0963619	0.0795929	-0.0681708	-0.119835	-0.0308667	
8.48	0.0955621	0.0803638	-0.0671315	-0.119946	-0.0318805	
8.49	0.0947547	0.0811251	-0.0660886	-0.120046	-0.0328897	
8.5	0.0939397	0.0818767	-0.065042	-0.120137	-0.0338941	
8.51	0.0931172	0.0826185	-0.063992	-0.120217	-0.0348936	
8.52	0.0922873	0.0833506	-0.0629385	-0.120286	-0.0358883	
8.53	0.0914502	0.0840729	-0.0618818	-0.120346	-0.0368781	
8.54	0.0906059	0.0847854	-0.0608218	-0.120395	-0.0378629	
8.55	0.0897545	0.0854879	-0.0597588	-0.120435	-0.0388426	
8.56	0.0888962	0.0861805	-0.0586927	-0.120464	-0.0398173	
8.57	0.0880309	0.0868631	-0.0576238	-0.120483	-0.0407867	
8.58	0.0871589	0.0875357	-0.0565521	-0.120491	-0.041751	
8.59	0.0862803	0.0881982	-0.0554776	-0.12049	-0.0427099	
8.6	0.085395	0.0888506	-0.0544006	-0.120479	-0.0436636	
8.61	0.0845033	0.0894928	-0.0533211	-0.120457	-0.0446118	
8.62	0.0836052	0.0901249	-0.0522392	-0.120426	-0.0455546	
8.63	0.0827008	0.0907467	-0.051155	-0.120385	-0.0464918	
8.64	0.0817903	0.0913583	-0.0500687	-0.120333	-0.0474235	
8.65	0.0808737	0.0919595	-0.0489802	-0.120272	-0.0483496	
8.66	0.0799511	0.0925505	-0.0478898	-0.1202	-0.04927	
8.67	0.0790227	0.0931311	-0.0467974	-0.120119	-0.0501846	
8.68	0.0780885	0.0937013	-0.0457033	-0.120028	-0.0510935	
8.69	0.0771487	0.094261	-0.0446075	-0.119927	-0.0519965	
8.7	0.0762034	0.0948103	-0.0435101	-0.119816	-0.0528937	
8.71	0.0752526	0.0953492	-0.0424113	-0.119695	-0.0537849	
8.72	0.0742964	0.0958775	-0.041311	-0.119565	-0.0546701	
8.73	0.073335	0.0963953	-0.0402095	-0.119425	-0.0555492	
8.74	0.0723685	0.0969025	-0.0391068	-0.119275	-0.0564222	
8.75	0.071397	0.0973992	-0.038003	-0.119115	-0.0572891	
8.76	0.0704206	0.0978852	-0.0368983	-0.118946	-0.0581498	
8.77	0.0694394	0.0983606	-0.0357926	-0.118767	-0.0590042	
8.78	0.0684534	0.0988254	-0.0346862	-0.118578	-0.0598523	
8.79	0.0674629	0.0992794	-0.0335791	-0.11838	-0.0606941	
8.8	0.0664679	0.0997228	-0.0324714	-0.118173	-0.0615294	
8.81	0.0654685	0.100156	-0.0313633	-0.117955	-0.0623583	
8.82	0.0644648	0.100577	-0.0302548	-0.117729	-0.0631807	
8.83	0.0634569	0.100989	-0.029146	-0.117493	-0.0639965	
8.84	0.0624451	0.101389	-0.028037	-0.117247	-0.0648058	
8.85	0.0614292	0.101779	-0.0269279	-0.116992	-0.0656084	
8.86	0.0604095	0.102158	-0.0258189	-0.116728	-0.0664043	
8.87	0.0593861	0.102526	-0.02471	-0.116455	-0.0671934	
8.88	0.058359	0.102883	-0.0236012	-0.116172	-0.0679758	
8.89	0.0573285	0.10323	-0.0224929	-0.11588	-0.0687514	
8.9	0.0562945	0.103565	-0.0213849	-0.115579	-0.06952	
8.91	0.0552572	0.10389	-0.0202774	-0.115269	-0.0702818	
8.92	0.0542167	0.104204	-0.0191706	-0.11495	-0.0710366	
8.93	0.0531732	0.104507	-0.0180644	-0.114621	-0.0717844	
8.94	0.0521266	0.104799	-0.0169591	-0.114284	-0.0725252	
8.95	0.0510772	0.105081	-0.0158547	-0.113938	-0.0732588	
8.96	0.050025	0.105351	-0.0147512	-0.113583	-0.0739854	
8.97	0.0489702	0.105611	-0.0136489	-0.113219	-0.0747047	
8.98	0.0479129	0.10586	-0.0125477	-0.112846	-0.0754169	
8.99	0.0468531	0.106098	-0.0114479	-0.112465	-0.0761218	
9	0.0457909	0.106325	-0.0103494	-0.112074	-0.0768194	
9.01	0.0447266	0.106541	-0.00925243	-0.111675	-0.0775097	
9.02	0.0436602	0.106746	-0.00815702	-0.111268	-0.0781927	
9.03	0.0425917	0.106941	-0.00706328	-0.110852	-0.0788682	
9.04	0.0415214	0.107124	-0.00597131	-0.110427	-0.0795363	
9.05	0.0404493	0.107297	-0.00488119	-0.109994	-0.0801969	
9.06	0.0393755	0.107459	-0.00379303	-0.109552	-0.08085	
9.07	0.0383001	0.10761	-0.00270692	-0.109102	-0.0814956	
9.08	0.0372233	0.10775	-0.00162296	-0.108644	-0.0821335	
9.09	0.0361452	0.10788	-0.000541223	-0.108178	-0.0827639	
9.1	0.0350658	0.107999	0.000538183	-0.107703	-0.0833866	
9.11	0.0339852	0.108107	0.00161517	-0.10722	-0.0840016	
9.12	0.0329037	0.108204	0.00268965	-0.106729	-0.0846089	
9.13	0.0318212	0.10829	0.00376152	-0.10623	-0.0852084	
9.14	0.0307379	0.108366	0.0048307	-0.105723	-0.0858002	
9.15	0.0296539	0.108431	0.00589709	-0.105208	-0.0863841	
9.16	0.0285693	0.108485	0.00696061	-0.104685	-0.0869603	
9.17	0.0274842	0.108528	0.00802116	-0.104155	-0.0875285	
9.18	0.0263988	0.108561	0.00907866	-0.103616	-0.0880888	
9.19	0.0253131	0.108583	0.010133	-0.10307	-0.0886412	
9.2	0.0242272	0.108595	0.0111841	-0.102516	-0.0891857	
9.21	0.0231412	0.108596	0.0122319	-0.101955	-0.0897221	
9.22	0.0220553	0.108586	0.0132763	-0.101386	-0.0902506	
9.23	0.0209695	0.108566	0.0143172	-0.10081	-0.090771	
9.24	0.019884	0.108535	0.0153545	-0.100226	-0.0912833	
9.25	0.0187989	0.108493	0.0163882	-0.0996349	-0.0917876	
9.26	0.0177142	0.108442	0.0174181	-0.0990366	-0.0922837	
9.27	0.0166301	0.108379	0.0184441	-0.098431	-0.0927717	
9.28	0.0155466	0.108307	0.0194663	-0.0978182	-0.0932516	
9.29	0.014464	0.108223	0.0204844	-0.0971984	-0.0937232	
9.3	0.0133822	0.10813	0.0214984	-0.0965716	-0.0941867	
9.31	0.0123014	0.108026	0.0225082	-0.0959377	-0.0946419	
9.32	0.0112217	0.107912	0.0235138	-0.095297	-0.0950889	
9.33	0.0101432	0.107787	0.0245151	-0.0946495	-0.0955276	
9.34	0.009066	0.107653	0.0255119	-0.0939952	-0.095958	
9.35	0.00799019	0.107508	0.0265042	-0.0933342	-0.0963801	
9.36	0.00691588	0.107352	0.0274919	-0.0926665	-0.0967938	
9.37	0.00584318	0.107187	0.028475	-0.0919923	-0.0971993	
9.38	0.00477217	0.107012	0.0294533	-0.0913116	-0.0975963	
9.39	0.00370298	0.106826	0.0304268	-0.0906245	-0.097985	
9.4	0.00263568	0.106631	0.0313954	-0.089931	-0.0983653	
9.41	0.0015704	0.106425	0.032359	-0.0892313	-0.0987372	
9.42	0.000507213	0.10621	0.0333175	-0.0885253	-0.0991007	
9.43	-0.000553766	0.105984	0.034271	-0.0878131	-0.0994557	
9.44	-0.00161244	0.105749	0.0352192	-0.0870949	-0.0998022	
9.45	-0.00266872	0.105504	0.0361621	-0.0863707	-0.10014	
9.46	-0.00372249	0.105249	0.0370996	-0.0856405	-0.10047	
9.47	-0.00477367	0.104985	0.0380317	-0.0849045	-0.100791	
9.48	-0.00582215	0.10471	0.0389583	-0.0841627	-0.101104	
9.49	-0.00686784	0.104426	0.0398793	-0.0834151	-0.101408	
9.5	-0.00791064	0.104133	0.0407947	-0.0826619	-0.101703	
9.51	-0.00895046	0.10383	0.0417043	-0.0819031	-0.101991	
9.52	-0.00998721	0.103517	0.0426081	-0.0811389	-0.102269	
9.53	-0.0110208	0.103195	0.0435061	-0.0803692	-0.102539	
9.54	-0.0120511	0.102864	0.0443981	-0.0795941	-0.1028	
9.55	-0.013078	0.102523	0.0452841	-0.0788138	-0.103053	
9.56	-0.0141015	0.102173	0.046164	-0.0780282	-0.103298	
9.57	-0.0151214	0.101813	0.0470378	-0.0772376	-0.103533	
9.58	-0.0161377	0.101445	0.0479054	-0.0764418	-0.103761	
9.59	-0.0171503	0.101067	0.0487666	-0.0756411	-0.103979	
9.6	-0.018159	0.10068	0.0496216	-0.0748355	-0.104189	
9.61	-0.0191639	0.100284	0.0504701	-0.0740251	-0.104391	
9.62	-0.0201647	0.0998794	0.0513121	-0.0732099	-0.104583	
9.63	-0.0211614	0.0994657	0.0521476	-0.0723901	-0.104768	
9.64	-0.022154	0.0990431	0.0529765	-0.0715656	-0.104943	
9.65	-0.0231423	0.0986116	0.0537987	-0.0707366	-0.10511	
9.66	-0.0241262	0.0981715	0.0546142	-0.0699032	-0.105269	
9.67	-0.0251057	0.0977226	0.0554229	-0.0690655	-0.105419	
9.68	-0.0260806	0.0972652	0.0562248	-0.0682234	-0.10556	
9.69	-0.0270509	0.0967991	0.0570197	-0.0673772	-0.105693	
9.7	-0.0280166	0.0963246	0.0578077	-0.0665268	-0.105817	
9.71	-0.0289774	0.0958416	0.0585886	-0.0656724	-0.105932	
9.72	-0.0299334	0.0953502	0.0593624	-0.064814	-0.106039	
9.73	-0.0308844	0.0948506	0.0601291	-0.0639517	-0.106138	
9.74	-0.0318303	0.0943426	0.0608887	-0.0630856	-0.106227	
9.75	-0.0327712	0.0938265	0.0616409	-0.0622158	-0.106309	
9.76	-0.0337069	0.0933023	0.0623858	-0.0613423	-0.106381	
9.77	-0.0346372	0.09277	0.0631234	-0.0604653	-0.106446	
9.78	-0.0355622	0.0922298	0.0638536	-0.0595848	-0.106501	
9.79	-0.0364818	0.0916816	0.0645762	-0.0587009	-0.106548	
9.8	-0.0373958	0.0911256	0.0652914	-0.0578136	-0.106587	
9.81	-0.0383043	0.0905617	0.065999	-0.0569231	-0.106617	
9.82	-0.039207	0.0899902	0.066699	-0.0560295	-0.106638	
9.83	-0.0401041	0.0894111	0.0673913	-0.0551327	-0.106652	
9.84	-0.0409952	0.0888243	0.0680758	-0.054233	-0.106656	
9.85	-0.0418805	0.0882301	0.0687526	-0.0533303	-0.106652	
9.86	-0.0427598	0.0876285	0.0694216	-0.0524248	-0.10664	
9.87	-0.0436331	0.0870195	0.0700827	-0.0515165	-0.106619	
9.88	-0.0445002	0.0864032	0.070736	-0.0506056	-0.10659	
9.89	-0.0453611	0.0857797	0.0713812	-0.0496921	-0.106553	
9.9	-0.0462157	0.085149	0.0720185	-0.0487761	-0.106507	
9.91	-0.0470641	0.0845113	0.0726477	-0.0478576	-0.106452	
9.92	-0.047906	0.0838667	0.0732689	-0.0469368	-0.10639	
9.93	-0.0487414	0.0832151	0.0738819	-0.0460137	-0.106319	
9.94	-0.0495702	0.0825567	0.0744867	-0.0450885	-0.106239	
9.95	-0.0503925	0.0818915	0.0750834	-0.0441611	-0.106152	
9.96	-0.051208	0.0812196	0.0756718	-0.0432318	-0.106056	
9.97	-0.0520168	0.0805412	0.0762519	-0.0423005	-0.105951	
9.98	-0.0528188	0.0798562	0.0768237	-0.0413673	-0.105839	
9.99	-0.0536139	0.0791647	0.0773871	-0.0404324	-0.105718	
10	-0.0544021	0.0784669	0.0779422	-0.0394958	-0.105589	
10.01	-0.0551833	0.0777629	0.0784888	-0.0385577	-0.105452	
10.02	-0.0559573	0.0770526	0.079027	-0.0376179	-0.105307	
10.03	-0.0567243	0.0763361	0.0795566	-0.0366768	-0.105154	
10.04	-0.0574841	0.0756137	0.0800778	-0.0357343	-0.104992	
10.05	-0.0582365	0.0748852	0.0805904	-0.0347905	-0.104823	
10.06	-0.0589817	0.0741509	0.0810943	-0.0338456	-0.104645	
10.07	-0.0597195	0.0734108	0.0815897	-0.0328995	-0.104459	
10.08	-0.0604499	0.072665	0.0820764	-0.0319524	-0.104266	
10.09	-0.0611728	0.0719135	0.0825544	-0.0310044	-0.104064	
10.1	-0.0618882	0.0711564	0.0830238	-0.0300556	-0.103854	
10.11	-0.0625959	0.0703939	0.0834843	-0.0291059	-0.103637	
10.12	-0.063296	0.069626	0.0839362	-0.0281556	-0.103411	
10.13	-0.0639884	0.0688528	0.0843792	-0.0272047	-0.103178	
10.14	-0.0646731	0.0680744	0.0848134	-0.0262532	-0.102937	
10.15	-0.0653499	0.0672909	0.0852388	-0.0253013	-0.102688	
10.16	-0.0660189	0.0665023	0.0856554	-0.024349	-0.102431	
10.17	-0.0666799	0.0657087	0.086063	-0.0233965	-0.102167	
10.18	-0.067333	0.0649102	0.0864618	-0.0224437	-0.101895	
10.19	-0.0679781	0.064107	0.0868516	-0.0214909	-0.101615	
10.2	-0.0686152	0.0632991	0.0872325	-0.020538	-0.101327	
10.21	-0.0692441	0.0624865	0.0876045	-0.0195852	-0.101032	
10.22	-0.0698649	0.0616694	0.0879674	-0.0186325	-0.100729	
10.23	-0.0704775	0.0608479	0.0883214	-0.01768	-0.100419	
10.24	-0.0710818	0.060022	0.0886664	-0.0167278	-0.100101	
10.25	-0.0716779	0.0591918	0.0890023	-0.015776	-0.0997762	
10.26	-0.0722656	0.0583574	0.0893292	-0.0148247	-0.0994435	
10.27	-0.072845	0.057519	0.0896471	-0.0138739	-0.0991035	
10.28	-0.073416	0.0566766	0.0899559	-0.0129237	-0.098756	
10.29	-0.0739785	0.0558302	0.0902556	-0.0119742	-0.0984013	
10.3	-0.0745326	0.05498	0.0905462	-0.0110255	-0.0980393	
10.31	-0.0750781	0.054126	0.0908277	-0.0100777	-0.09767	
10.32	-0.0756151	0.0532685	0.0911001	-0.0091308	-0.0972935	
10.33	-0.0761435	0.0524073	0.0913634	-0.00818493	-0.0969098	
10.34	-0.0766632	0.0515427	0.0916176	-0.00724017	-0.0965191	
10.35	-0.0771743	0.0506747	0.0918626	-0.00629659	-0.0961212	
10.36	-0.0776767	0.0498034	0.0920986	-0.00535427	-0.0957163	
10.37	-0.0781704	0.0489289	0.0923253	-0.0044133	-0.0953044	
10.38	-0.0786553	0.0480513	0.0925429	-0.00347374	-0.0948855	
10.39	-0.0791314	0.0471706	0.0927514	-0.00253569	-0.0944598	
10.4	-0.0795987	0.0462871	0.0929507	-0.00159922	-0.0940271	
10.41	-0.0800571	0.0454007	0.0931409	-0.000664401	-0.0935877	
10.42	-0.0805067	0.0445115	0.0933219	0.00026868	-0.0931414	
10.43	-0.0809474	0.0436197	0.0934938	0.00119995	-0.0926884	
10.44	-0.0813791	0.0427253	0.0936565	0.00212933	-0.0922288	
10.45	-0.0818019	0.0418284	0.09381	0.00305674	-0.0917625	
10.46	-0.0822156	0.0409292	0.0939544	0.0039821	-0.0912895	
10.47	-0.0826204	0.0400276	0.0940897	0.00490534	-0.0908101	
10.48	-0.0830162	0.0391239	0.0942158	0.00582639	-0.0903241	
10.49	-0.0834029	0.038218	0.0943328	0.00674516	-0.0898317	
10.5	-0.0837805	0.0373101	0.0944406	0.00766158	-0.0893329	
10.51	-0.0841491	0.0364003	0.0945393	0.00857557	-0.0888277	
10.52	-0.0845085	0.0354886	0.0946289	0.00948706	-0.0883162	
10.53	-0.0848589	0.0345752	0.0947094	0.010396	-0.0877985	
10.54	-0.0852	0.0336602	0.0947807	0.0113022	-0.0872745	
10.55	-0.0855321	0.0327435	0.094843	0.0122058	-0.0867444	
10.56	-0.0858549	0.0318254	0.0948962	0.0131065	-0.0862082	
10.57	-0.0861686	0.0309059	0.0949403	0.0140044	-0.0856659	
10.58	-0.086473	0.0299851	0.0949754	0.0148993	-0.0851177	
10.59	-0.0867683	0.0290631	0.0950014	0.0157912	-0.0845634	
10.6	-0.0870543	0.02814	0.0950184	0.01668	-0.0840033	
10.61	-0.0873311	0.0272159	0.0950264	0.0175657	-0.0834374	
10.62	-0.0875986	0.0262908	0.0950254	0.0184481	-0.0828656	
10.63	-0.0878569	0.0253649	0.0950154	0.0193272	-0.0822881	
10.64	-0.0881059	0.0244382	0.0949964	0.0202029	-0.081705	
10.65	-0.0883456	0.0235109	0.0949684	0.0210752	-0.0811162	
10.66	-0.0885761	0.0225831	0.0949316	0.0219439	-0.0805218	
10.67	-0.0887973	0.0216547	0.0948858	0.0228091	-0.079922	
10.68	-0.0890092	0.020726	0.0948311	0.0236706	-0.0793166	
10.69	-0.0892118	0.0197969	0.0947675	0.0245284	-0.0787059	
10.7	-0.0894051	0.0188677	0.0946951	0.0253824	-0.0780898	
10.71	-0.0895892	0.0179383	0.0946139	0.0262325	-0.0774685	
10.72	-0.0897639	0.0170089	0.0945239	0.0270787	-0.0768419	
10.73	-0.0899294	0.0160796	0.094425	0.0279209	-0.0762101	
10.74	-0.0900855	0.0151504	0.0943175	0.028759	-0.0755732	
10.75	-0.0902324	0.0142215	0.0942011	0.029593	-0.0749313	
10.76	-0.0903699	0.0132929	0.0940761	0.0304228	-0.0742844	
10.77	-0.0904982	0.0123647	0.0939424	0.0312483	-0.0736325	
10.78	-0.0906172	0.011437	0.0938001	0.0320695	-0.0729757	
10.79	-0.090727	0.01051	0.0936491	0.0328863	-0.0723142	
10.8	-0.0908274	0.00958356	0.0934895	0.0336986	-0.0716478	
10.81	-0.0909186	0.00865794	0.0933214	0.0345064	-0.0709768	
10.82	-0.0910006	0.00773318	0.0931447	0.0353097	-0.0703011	
10.83	-0.0910733	0.00680937	0.0929596	0.0361082	-0.0696209	
10.84	-0.0911368	0.0058866	0.0927659	0.0369021	-0.0689361	
10.85	-0.091191	0.00496494	0.0925638	0.0376912	-0.0682469	
10.86	-0.0912361	0.0040445	0.0923533	0.0384755	-0.0675533	
10.87	-0.0912719	0.00312535	0.0921345	0.0392548	-0.0668554	
10.88	-0.0912986	0.00220759	0.0919073	0.0400292	-0.0661532	
10.89	-0.0913161	0.00129129	0.0916718	0.0407986	-0.0654468	
10.9	-0.0913244	0.000376553	0.0914281	0.0415629	-0.0647363	
10.91	-0.0913236	-0.000536548	0.0911761	0.0423221	-0.0640217	
10.92	-0.0913137	-0.00144792	0.0909159	0.0430761	-0.063303	
10.93	-0.0912947	-0.00235749	0.0906476	0.0438248	-0.0625805	
10.94	-0.0912666	-0.00326516	0.0903712	0.0445683	-0.061854	
10.95	-0.0912294	-0.00417086	0.0900867	0.0453063	-0.0611237	
10.96	-0.0911831	-0.00507449	0.0897941	0.046039	-0.0603897	
10.97	-0.0911279	-0.00597597	0.0894936	0.0467661	-0.059652	
10.98	-0.0910636	-0.00687523	0.0891852	0.0474878	-0.0589106	
10.99	-0.0909904	-0.00777217	0.0888688	0.0482038	-0.0581657	
11	-0.0909082	-0.00866672	0.0885446	0.0489142	-0.0574173	
11.01	-0.0908171	-0.00955879	0.0882125	0.049619	-0.0566655	
11.02	-0.090717	-0.0104483	0.0878727	0.0503179	-0.0559103	
11.03	-0.0906081	-0.0113352	0.0875251	0.0510111	-0.0551518	
11.04	-0.0904903	-0.0122193	0.0871699	0.0516984	-0.0543901	
11.05	-0.0903637	-0.0131007	0.086807	0.0523799	-0.0536252	
11.06	-0.0902283	-0.0139792	0.0864365	0.0530553	-0.0528572	
11.07	-0.0900842	-0.0148547	0.0860585	0.0537248	-0.0520862	
11.08	-0.0899313	-0.0157271	0.085673	0.0543882	-0.0513122	
11.09	-0.0897696	-0.0165965	0.08528	0.0550456	-0.0505353	
11.1	-0.0895993	-0.0174626	0.0848797	0.0556967	-0.0497556	
11.11	-0.0894204	-0.0183255	0.084472	0.0563417	-0.0489732	
11.12	-0.0892328	-0.019185	0.084057	0.0569805	-0.048188	
11.13	-0.0890367	-0.0200411	0.0836348	0.0576129	-0.0474002	
11.14	-0.088832	-0.0208937	0.0832053	0.058239	-0.0466099	
11.15	-0.0886188	-0.0217427	0.0827688	0.0588588	-0.0458171	
11.16	-0.0883972	-0.0225881	0.0823251	0.0594721	-0.0450218	
11.17	-0.0881671	-0.0234297	0.0818744	0.0600789	-0.0442242	
11.18	-0.0879286	-0.0242675	0.0814167	0.0606793	-0.0434244	
11.19	-0.0876818	-0.0251014	0.0809521	0.0612731	-0.0426223	
11.2	-0.0874266	-0.0259314	0.0804807	0.0618603	-0.041818	
11.21	-0.0871631	-0.0267573	0.0800024	0.0624408	-0.0410117	
11.22	-0.0868915	-0.0275791	0.0795173	0.0630147	-0.0402034	
11.23	-0.0866116	-0.0283968	0.0790256	0.0635818	-0.0393931	
11.24	-0.0863235	-0.0292102	0.0785272	0.0641422	-0.038581	
11.25	-0.0860274	-0.0300193	0.0780222	0.0646958	-0.037767	
11.26	-0.0857232	-0.030824	0.0775107	0.0652426	-0.0369514	
11.27	-0.0854109	-0.0316242	0.0769927	0.0657825	-0.0361341	
11.28	-0.0850907	-0.0324199	0.0764684	0.0663155	-0.0353151	
11.29	-0.0847625	-0.0332111	0.0759376	0.0668415	-0.0344947	
11.3	-0.0844265	-0.0339975	0.0754006	0.0673606	-0.0336728	
11.31	-0.0840826	-0.0347792	0.0748573	0.0678726	-0.0328495	
11.32	-0.0837309	-0.0355561	0.0743079	0.0683776	-0.0320249	
11.33	-0.0833715	-0.0363282	0.0737524	0.0688756	-0.0311991	
11.34	-0.0830044	-0.0370953	0.0731908	0.0693664	-0.0303721	
11.35	-0.0826296	-0.0378574	0.0726232	0.06985	-0.0295439	
11.36	-0.0822472	-0.0386144	0.0720498	0.0703265	-0.0287148	
11.37	-0.0818573	-0.0393664	0.0714704	0.0707957	-0.0278847	
11.38	-0.0814599	-0.0401131	0.0708853	0.0712578	-0.0270536	
11.39	-0.0810551	-0.0408545	0.0702945	0.0717125	-0.0262218	
11.4	-0.0806429	-0.0415907	0.0696979	0.0721599	-0.0253892	
11.41	-0.0802233	-0.0423214	0.0690958	0.0726001	-0.0245559	
11.42	-0.0797964	-0.0430468	0.0684882	0.0730328	-0.023722	
11.43	-0.0793624	-0.0437666	0.0678751	0.0734582	-0.0228876	
11.44	-0.0789211	-0.0444808	0.0672566	0.0738762	-0.0220526	
11.45	-0.0784728	-0.0451894	0.0666327	0.0742867	-0.0212173	
11.46	-0.0780174	-0.0458924	0.0660036	0.0746898	-0.0203816	
11.47	-0.0775549	-0.0465896	0.0653694	0.0750854	-0.0195457	
11.48	-0.0770856	-0.047281	0.0647299	0.0754735	-0.0187095	
11.49	-0.0766093	-0.0479665	0.0640854	0.075854	-0.0178732	
11.5	-0.0761263	-0.0486462	0.063436	0.076227	-0.0170369	
11.51	-0.0756364	-0.0493198	0.0627816	0.0765925	-0.0162006	
11.52	-0.0751399	-0.0499875	0.0621223	0.0769503	-0.0153643	
11.53	-0.0746367	-0.0506491	0.0614583	0.0773005	-0.0145282	
11.54	-0.0741269	-0.0513045	0.0607895	0.0776431	-0.0136923	
11.55	-0.0736106	-0.0519537	0.0601162	0.0779781	-0.0128567	
11.56	-0.0730879	-0.0525968	0.0594382	0.0783053	-0.0120215	
11.57	-0.0725587	-0.0532335	0.0587557	0.0786249	-0.0111867	
11.58	-0.0720232	-0.0538639	0.0580689	0.0789368	-0.0103523	
11.59	-0.0714815	-0.0544879	0.0573776	0.079241	-0.00951855	
11.6	-0.0709335	-0.0551054	0.0566821	0.0795374	-0.0086854	
11.61	-0.0703794	-0.0557165	0.0559824	0.0798261	-0.00785295	
11.62	-0.0698192	-0.0563211	0.0552785	0.080107	-0.00702126	
11.63	-0.069253	-0.056919	0.0545705	0.0803801	-0.00619041	
11.64	-0.0686808	-0.0575103	0.0538586	0.0806455	-0.00536045	
11.65	-0.0681028	-0.058095	0.0531427	0.080903	-0.00453147	
11.66	-0.067519	-0.0586729	0.052423	0.0811528	-0.00370352	
11.67	-0.0669294	-0.0592441	0.0516995	0.0813947	-0.00287667	
11.68	-0.0663341	-0.0598084	0.0509723	0.0816288	-0.002051	
11.69	-0.0657332	-0.0603659	0.0502415	0.081855	-0.00122656	
11.7	-0.0651268	-0.0609165	0.0495072	0.0820734	-0.000403427	
11.71	-0.0645149	-0.0614602	0.0487694	0.082284	0.000418335	
11.72	-0.0638976	-0.0619969	0.0480281	0.0824867	0.00123866	
11.73	-0.063275	-0.0625265	0.0472836	0.0826815	0.00205748	
11.74	-0.0626471	-0.0630491	0.0465358	0.0828684	0.00287473	
11.75	-0.062014	-0.0635646	0.0457848	0.0830475	0.00369034	
11.76	-0.0613758	-0.064073	0.0450307	0.0832187	0.00450425	
11.77	-0.0607326	-0.0645742	0.0442736	0.083382	0.00531639	
11.78	-0.0600844	-0.0650682	0.0435135	0.0835374	0.0061267	
11.79	-0.0594313	-0.0655549	0.0427506	0.083685	0.00693511	
11.8	-0.0587733	-0.0660344	0.0419849	0.0838246	0.00774155	
11.81	-0.0581106	-0.0665065	0.0412165	0.0839564	0.00854597	
11.82	-0.0574432	-0.0669713	0.0404454	0.0840802	0.0093483	
11.83	-0.0567712	-0.0674288	0.0396718	0.0841962	0.0101485	
11.84	-0.0560947	-0.0678788	0.0388956	0.0843043	0.0109464	
11.85	-0.0554136	-0.0683213	0.0381171	0.0844045	0.0117421	
11.86	-0.0547283	-0.0687564	0.0373362	0.0844968	0.0125354	
11.87	-0.0540385	-0.069184	0.0365531	0.0845813	0.0133263	
11.88	-0.0533446	-0.069604	0.0357678	0.0846578	0.0141147	
11.89	-0.0526465	-0.0700165	0.0349804	0.0847265	0.0149006	
11.9	-0.0519443	-0.0704214	0.034191	0.0847874	0.0156839	
11.91	-0.0512381	-0.0708187	0.0333996	0.0848403	0.0164646	
11.92	-0.0505279	-0.0712083	0.0326064	0.0848855	0.0172425	
11.93	-0.0498139	-0.0715903	0.0318114	0.0849228	0.0180176	
11.94	-0.0490962	-0.0719645	0.0310146	0.0849522	0.0187899	
11.95	-0.0483747	-0.0723311	0.0302162	0.0849739	0.0195592	
11.96	-0.0476496	-0.0726899	0.0294163	0.0849877	0.0203257	
11.97	-0.0469209	-0.073041	0.0286149	0.0849937	0.021089	
11.98	-0.0461888	-0.0733842	0.0278121	0.084992	0.0218493	
11.99	-0.0454533	-0.0737197	0.027008	0.0849824	0.0226065	
12	-0.0447144	-0.0740474	0.0262026	0.0849651	0.0233604	
12.01	-0.0439723	-0.0743672	0.025396	0.08494	0.0241111	
12.02	-0.0432271	-0.0746791	0.0245884	0.0849072	0.0248584	
12.03	-0.0424788	-0.0749832	0.0237797	0.0848667	0.0256024	
12.04	-0.0417275	-0.0752794	0.0229701	0.0848185	0.0263429	
12.05	-0.0409732	-0.0755676	0.0221597	0.0847625	0.02708	
12.06	-0.0402161	-0.075848	0.0213485	0.0846989	0.0278134	
12.07	-0.0394563	-0.0761204	0.0205365	0.0846277	0.0285433	
12.08	-0.0386937	-0.0763848	0.019724	0.0845487	0.0292695	
12.09	-0.0379286	-0.0766413	0.0189109	0.0844622	0.0299919	
12.1	-0.0371609	-0.0768898	0.0180974	0.0843681	0.0307106	
12.11	-0.0363908	-0.0771304	0.0172834	0.0842664	0.0314255	
12.12	-0.0356184	-0.0773629	0.0164691	0.0841571	0.0321364	
12.13	-0.0348436	-0.0775874	0.0156546	0.0840403	0.0328435	
12.14	-0.0340666	-0.0778039	0.01484	0.0839159	0.0335465	
12.15	-0.0332876	-0.0780124	0.0140252	0.0837841	0.0342454	
12.16	-0.0325064	-0.0782128	0.0132105	0.0836448	0.0349403	
12.17	-0.0317233	-0.0784052	0.0123958	0.083498	0.035631	
12.18	-0.0309383	-0.0785896	0.0115813	0.0833438	0.0363174	
12.19	-0.0301516	-0.0787659	0.010767	0.0831822	0.0369996	
12.2	-0.0293631	-0.0789342	0.00995302	0.0830133	0.0376775	
12.21	-0.0285729	-0.0790944	0.0091394	0.0828369	0.0383511	
12.22	-0.0277812	-0.0792465	0.00832624	0.0826533	0.0390202	
12.23	-0.026988	-0.0793906	0.00751362	0.0824624	0.0396848	
12.24	-0.0261934	-0.0795266	0.0067016	0.0822642	0.0403449	
12.25	-0.0253975	-0.0796546	0.00589026	0.0820587	0.0410005	
12.26	-0.0246003	-0.0797745	0.00507968	0.0818461	0.0416514	
12.27	-0.023802	-0.0798863	0.00426994	0.0816263	0.0422976	
12.28	-0.0230026	-0.0799901	0.0034611	0.0813993	0.0429392	
12.29	-0.0222023	-0.0800858	0.00265325	0.0811652	0.0435759	
12.3	-0.021401	-0.0801735	0.00184646	0.0809241	0.0442079	
12.31	-0.0205988	-0.0802531	0.0010408	0.0806758	0.044835	
12.32	-0.0197959	-0.0803247	0.000236346	0.0804206	0.0454572	
12.33	-0.0189924	-0.0803882	-0.000566823	0.0801584	0.0460744	
12.34	-0.0181882	-0.0804437	-0.00136864	0.0798892	0.0466866	
12.35	-0.0173835	-0.0804912	-0.00216902	0.0796131	0.0472938	
12.36	-0.0165784	-0.0805307	-0.0029679	0.0793301	0.0478959	
12.37	-0.0157729	-0.0805622	-0.0037652	0.0790403	0.0484929	
12.38	-0.0149672	-0.0805857	-0.00456085	0.0787436	0.0490847	
12.39	-0.0141612	-0.0806011	-0.00535479	0.0784402	0.0496713	
12.4	-0.0133552	-0.0806087	-0.00614692	0.0781301	0.0502526	
12.41	-0.0125491	-0.0806082	-0.00693719	0.0778132	0.0508286	
12.42	-0.011743	-0.0805998	-0.00772552	0.0774897	0.0513993	
12.43	-0.0109371	-0.0805835	-0.00851184	0.0771596	0.0519646	
12.44	-0.0101314	-0.0805593	-0.00929608	0.0768229	0.0525244	
12.45	-0.00932596	-0.0805271	-0.0100782	0.0764797	0.0530788	
12.46	-0.00852088	-0.0804871	-0.010858	0.0761299	0.0536276	
12.47	-0.00771624	-0.0804391	-0.0116356	0.0757737	0.054171	
12.48	-0.00691212	-0.0803834	-0.0124108	0.0754111	0.0547087	
12.49	-0.0061086	-0.0803198	-0.0131836	0.0750421	0.0552408	
12.5	-0.00530575	-0.0802483	-0.0139538	0.0746668	0.0557672	
12.51	-0.00450366	-0.0801691	-0.0147215	0.0742852	0.056288	
12.52	-0.0037024	-0.0800821	-0.0154866	0.0738973	0.056803	
12.53	-0.00290204	-0.0799873	-0.0162489	0.0735033	0.0573122	
12.54	-0.00210268	-0.0798848	-0.0170085	0.0731031	0.0578156	
12.55	-0.00130437	-0.0797745	-0.0177652	0.0726967	0.0583132	
12.56	-0.000507211	-0.0796566	-0.018519	0.0722844	0.0588049	
12.57	0.000288733	-0.079531	-0.0192699	0.071866	0.0592907	
12.58	0.00108338	-0.0793978	-0.0200177	0.0714416	0.0597705	
12.59	0.00187666	-0.0792569	-0.0207623	0.0710113	0.0602444	
12.6	0.0026685	-0.0791084	-0.0215038	0.0705752	0.0607123	
12.61	0.00345881	-0.0789524	-0.0222421	0.0701332	0.0611741	
12.62	0.00424752	-0.0787888	-0.022977	0.0696854	0.0616298	
12.63	0.00503456	-0.0786177	-0.0237086	0.0692319	0.0620794	
12.64	0.00581985	-0.0784391	-0.0244367	0.0687727	0.0625229	
12.65	0.00660332	-0.0782531	-0.0251614	0.0683079	0.0629602	
12.66	0.00738489	-0.0780596	-0.0258824	0.0678375	0.0633913	
12.67	0.00816448	-0.0778588	-0.0265999	0.0673616	0.0638162	
12.68	0.00894204	-0.0776506	-0.0273136	0.0668802	0.0642349	
12.69	0.00971747	-0.077435	-0.0280236	0.0663934	0.0646472	
12.7	0.0104907	-0.0772121	-0.0287298	0.0659012	0.0650533	
12.71	0.0112617	-0.076982	-0.0294321	0.0654037	0.065453	
12.72	0.0120303	-0.0767446	-0.0301305	0.0649009	0.0658464	
12.73	0.0127966	-0.0765001	-0.0308249	0.0643929	0.0662334	
12.74	0.0135603	-0.0762483	-0.0315152	0.0638798	0.0666139	
12.75	0.0143215	-0.0759895	-0.0322014	0.0633615	0.0669881	
12.76	0.0150801	-0.0757235	-0.0328834	0.0628382	0.0673558	
12.77	0.0158359	-0.0754505	-0.0335612	0.0623099	0.067717	
12.78	0.0165891	-0.0751705	-0.0342347	0.0617766	0.0680717	
12.79	0.0173393	-0.0748835	-0.0349039	0.0612385	0.0684199	
12.8	0.0180867	-0.0745895	-0.0355686	0.0606955	0.0687615	
12.81	0.0188311	-0.0742887	-0.0362289	0.0601478	0.0690966	
12.82	0.0195725	-0.0739809	-0.0368847	0.0595953	0.069425	
12.83	0.0203107	-0.0736664	-0.0375359	0.0590382	0.0697469	
12.84	0.0210458	-0.0733451	-0.0381825	0.0584765	0.0700622	
12.85	0.0217776	-0.073017	-0.0388243	0.0579103	0.0703708	
12.86	0.0225061	-0.0726822	-0.0394615	0.0573395	0.0706727	
12.87	0.0232312	-0.0723408	-0.0400939	0.0567643	0.070968	
12.88	0.0239529	-0.0719928	-0.0407214	0.0561848	0.0712566	
12.89	0.024671	-0.0716382	-0.041344	0.055601	0.0715385	
12.9	0.0253856	-0.0712771	-0.0419617	0.0550129	0.0718136	
12.91	0.0260966	-0.0709095	-0.0425744	0.0544206	0.072082	
12.92	0.0268038	-0.0705355	-0.043182	0.0538242	0.0723437	
12.93	0.0275072	-0.0701551	-0.0437845	0.0532237	0.0725986	
12.94	0.0282069	-0.0697683	-0.0443819	0.0526192	0.0728467	
12.95	0.0289026	-0.0693753	-0.0449741	0.0520108	0.073088	
12.96	0.0295943	-0.068976	-0.045561	0.0513984	0.0733225	
12.97	0.0302821	-0.0685705	-0.0461427	0.0507823	0.0735502	
12.98	0.0309657	-0.0681589	-0.0467189	0.0501624	0.0737711	
12.99	0.0316452	-0.0677412	-0.0472899	0.0495388	0.0739851	
13	0.0323205	-0.0673174	-0.0478553	0.0489115	0.0741923	
13.01	0.0329916	-0.0668876	-0.0484153	0.0482807	0.0743926	
13.02	0.0336583	-0.0664519	-0.0489698	0.0476463	0.0745861	
13.03	0.0343206	-0.0660103	-0.0495187	0.0470085	0.0747727	
13.04	0.0349785	-0.0655629	-0.050062	0.0463674	0.0749524	
13.05	0.0356318	-0.0651097	-0.0505996	0.0457229	0.0751252	
13.06	0.0362806	-0.0646507	-0.0511315	0.0450751	0.0752912	
13.07	0.0369248	-0.0641861	-0.0516577	0.0444241	0.0754502	
13.08	0.0375643	-0.0637158	-0.0521781	0.0437701	0.0756024	
13.09	0.0381991	-0.06324	-0.0526926	0.0431129	0.0757476	
13.1	0.0388291	-0.0627586	-0.0532013	0.0424527	0.075886	
13.11	0.0394543	-0.0622718	-0.0537041	0.0417896	0.0760174	
13.12	0.0400745	-0.0617795	-0.054201	0.0411237	0.0761419	
13.13	0.0406898	-0.0612819	-0.0546918	0.0404549	0.0762595	
13.14	0.0413002	-0.0607791	-0.0551767	0.0397834	0.0763702	
13.15	0.0419054	-0.0602709	-0.0556554	0.0391092	0.076474	
13.16	0.0425056	-0.0597576	-0.0561281	0.0384324	0.0765709	
13.17	0.0431005	-0.0592392	-0.0565947	0.037753	0.0766608	
13.18	0.0436903	-0.0587157	-0.0570551	0.0370712	0.0767438	
13.19	0.0442748	-0.0581872	-0.0575092	0.0363869	0.07682	
13.2	0.0448541	-0.0576538	-0.0579572	0.0357003	0.0768892	
13.21	0.0454279	-0.0571155	-0.0583989	0.0350114	0.0769515	
13.22	0.0459963	-0.0565723	-0.0588342	0.0343203	0.0770069	
13.23	0.0465593	-0.0560244	-0.0592633	0.0336271	0.0770554	
13.24	0.0471168	-0.0554717	-0.0596859	0.0329317	0.077097	
13.25	0.0476688	-0.0549145	-0.0601022	0.0322344	0.0771317	
13.26	0.0482151	-0.0543526	-0.0605121	0.0315351	0.0771595	
13.27	0.0487558	-0.0537862	-0.0609155	0.0308339	0.0771805	
13.28	0.0492908	-0.0532154	-0.0613124	0.0301309	0.0771946	
13.29	0.0498201	-0.0526401	-0.0617027	0.0294262	0.0772018	
13.3	0.0503436	-0.0520606	-0.0620866	0.0287198	0.0772022	
13.31	0.0508613	-0.0514767	-0.0624638	0.0280117	0.0771958	
13.32	0.0513731	-0.0508887	-0.0628345	0.0273021	0.0771825	
13.33	0.051879	-0.0502965	-0.0631986	0.0265911	0.0771624	
13.34	0.052379	-0.0497002	-0.063556	0.0258786	0.0771355	
13.35	0.052873	-0.0490999	-0.0639067	0.0251648	0.0771017	
13.36	0.053361	-0.0484956	-0.0642507	0.0244497	0.0770612	
13.37	0.0538429	-0.0478875	-0.0645881	0.0237334	0.0770139	
13.38	0.0543187	-0.0472755	-0.0649186	0.0230159	0.0769599	
13.39	0.0547884	-0.0466598	-0.0652425	0.0222974	0.0768991	
13.4	0.0552519	-0.0460404	-0.0655595	0.0215779	0.0768315	
13.41	0.0557092	-0.0454173	-0.0658697	0.0208574	0.0767572	
13.42	0.0561603	-0.0447907	-0.0661731	0.0201361	0.0766763	
13.43	0.056605	-0.0441607	-0.0664697	0.019414	0.0765886	
13.44	0.0570435	-0.0435271	-0.0667593	0.0186911	0.0764943	
13.45	0.0574756	-0.0428903	-0.0670422	0.0179675	0.0763933	
13.46	0.0579013	-0.0422501	-0.0673181	0.0172434	0.0762857	
13.47	0.0583205	-0.0416067	-0.0675871	0.0165187	0.0761714	
13.48	0.0587334	-0.0409602	-0.0678491	0.0157936	0.0760506	
13.49	0.0591397	-0.0403105	-0.0681043	0.015068	0.0759231	
13.5	0.0595396	-0.0396579	-0.0683524	0.0143421	0.0757891	
13.51	0.0599329	-0.0390022	-0.0685936	0.013616	0.0756486	
13.52	0.0603196	-0.0383437	-0.0688279	0.0128897	0.0755015	
13.53	0.0606998	-0.0376824	-0.0690551	0.0121632	0.0753479	
13.54	0.0610733	-0.0370184	-0.0692753	0.0114367	0.0751879	
13.55	0.0614401	-0.0363516	-0.0694884	0.0107101	0.0750214	
13.56	0.0618003	-0.0356823	-0.0696946	0.00998368	0.0748484	
13.57	0.0621538	-0.0350104	-0.0698937	0.00925737	0.0746691	
13.58	0.0625005	-0.034336	-0.0700858	0.00853125	0.0744833	
13.59	0.0628405	-0.0336593	-0.0702708	0.00780542	0.0742912	
13.6	0.0631737	-0.0329802	-0.0704487	0.00707991	0.0740928	
13.61	0.0635001	-0.0322988	-0.0706196	0.00635482	0.073888	
13.62	0.0638196	-0.0316153	-0.0707833	0.00563019	0.073677	
13.63	0.0641324	-0.0309296	-0.07094	0.0049061	0.0734597	
13.64	0.0644382	-0.0302419	-0.0710897	0.00418262	0.0732362	
13.65	0.0647372	-0.0295522	-0.0712322	0.0034598	0.0730064	
13.66	0.0650293	-0.0288606	-0.0713676	0.00273772	0.0727705	
13.67	0.0653144	-0.0281671	-0.0714959	0.00201644	0.0725285	
13.68	0.0655926	-0.0274719	-0.0716171	0.00129602	0.0722803	
13.69	0.0658638	-0.0267749	-0.0717312	0.000576536	0.072026	
13.7	0.0661281	-0.0260764	-0.0718382	-0.000141952	0.0717657	
13.71	0.0663853	-0.0253763	-0.0719381	-0.000859378	0.0714994	
13.72	0.0666356	-0.0246747	-0.0720309	-0.00157568	0.071227	
13.73	0.0668788	-0.0239716	-0.0721166	-0.00229079	0.0709487	
13.74	0.067115	-0.0232673	-0.0721952	-0.00300464	0.0706645	
13.75	0.0673442	-0.0225616	-0.0722667	-0.00371718	0.0703743	
13.76	0.0675663	-0.0218548	-0.0723311	-0.00442833	0.0700783	
13.77	0.0677813	-0.0211468	-0.0723884	-0.00513803	0.0697765	
13.78	0.0679892	-0.0204377	-0.0724386	-0.00584622	0.0694689	
13.79	0.06819	-0.0197277	-0.0724818	-0.00655284	0.0691554	
13.8	0.0683837	-0.0190167	-0.0725178	-0.00725782	0.0688363	
13.81	0.0685704	-0.0183049	-0.0725468	-0.0079611	0.0685115	
13.82	0.0687498	-0.0175923	-0.0725687	-0.00866262	0.068181	
13.83	0.0689222	-0.016879	-0.0725836	-0.00936231	0.0678449	
13.84	0.0690874	-0.0161651	-0.0725914	-0.0100601	0.0675032	
13.85	0.0692455	-0.0154506	-0.0725922	-0.010756	0.067156	
13.86	0.0693964	-0.0147356	-0.072586	-0.0114498	0.0668032	
13.87	0.0695402	-0.0140202	-0.0725727	-0.0121416	0.066445	
13.88	0.0696768	-0.0133044	-0.0725524	-0.0128312	0.0660813	
13.89	0.0698063	-0.0125883	-0.0725252	-0.0135187	0.0657123	
13.9	0.0699286	-0.011872	-0.0724909	-0.0142038	0.0653379	
13.91	0.0700437	-0.0111556	-0.0724497	-0.0148867	0.0649582	
13.92	0.0701517	-0.0104391	-0.0724015	-0.0155672	0.0645732	
13.93	0.0702525	-0.00972259	-0.0723464	-0.0162452	0.064183	
13.94	0.0703462	-0.00900615	-0.0722844	-0.0169208	0.0637875	
13.95	0.0704326	-0.00828985	-0.0722154	-0.0175938	0.063387	
13.96	0.070512	-0.00757375	-0.0721396	-0.0182642	0.0629813	
13.97	0.0705841	-0.00685793	-0.0720568	-0.0189319	0.0625705	
13.98	0.0706491	-0.00614246	-0.0719672	-0.0195969	0.0621548	
13.99	0.070707	-0.0054274	-0.0718708	-0.0202591	0.061734	
14	0.0707577	-0.00471282	-0.0717676	-0.0209184	0.0613083	
14.01	0.0708012	-0.0039988	-0.0716575	-0.0215749	0.0608778	
14.02	0.0708376	-0.00328541	-0.0715407	-0.0222284	0.0604423	
14.03	0.0708669	-0.0025727	-0.0714171	-0.0228788	0.0600021	
14.04	0.0708891	-0.00186076	-0.0712867	-0.0235262	0.0595571	
14.05	0.0709042	-0.00114964	-0.0711496	-0.0241705	0.0591074	
14.06	0.0709121	-0.000439423	-0.0710059	-0.0248116	0.058653	
14.07	0.0709129	0.000269829	-0.0708554	-0.0254494	0.058194	
14.08	0.0709067	0.000978047	-0.0706983	-0.026084	0.0577304	
14.09	0.0708934	0.00168516	-0.0705346	-0.0267152	0.0572623	
14.1	0.070873	0.00239111	-0.0703643	-0.027343	0.0567897	
14.11	0.0708456	0.00309582	-0.0701874	-0.0279673	0.0563127	
14.12	0.0708111	0.00379922	-0.0700039	-0.0285881	0.0558313	
14.13	0.0707696	0.00450125	-0.0698139	-0.0292054	0.0553456	
14.14	0.0707211	0.00520185	-0.0696174	-0.029819	0.0548555	
14.15	0.0706656	0.00590094	-0.0694145	-0.030429	0.0543613	
14.16	0.0706031	0.00659846	-0.0692051	-0.0310353	0.0538628	
14.17	0.0705336	0.00729434	-0.0689893	-0.0316378	0.0533602	
14.18	0.0704572	0.00798851	-0.0687671	-0.0322364	0.0528535	
14.19	0.0703738	0.00868092	-0.0685385	-0.0328312	0.0523427	
14.2	0.0702836	0.0093715	-0.0683037	-0.0334221	0.051828	
14.21	0.0701864	0.0100602	-0.0680625	-0.034009	0.0513093	
14.22	0.0700824	0.0107469	-0.0678151	-0.0345919	0.0507868	
14.23	0.0699715	0.0114316	-0.0675614	-0.0351707	0.0502603	
14.24	0.0698537	0.0121142	-0.0673016	-0.0357453	0.0497302	
14.25	0.0697292	0.0127946	-0.0670356	-0.0363159	0.0491962	
14.26	0.0695979	0.0134728	-0.0667635	-0.0368822	0.0486586	
14.27	0.0694598	0.0141487	-0.0664852	-0.0374442	0.0481174	
14.28	0.0693149	0.0148223	-0.066201	-0.0380019	0.0475726	
14.29	0.0691633	0.0154935	-0.0659107	-0.0385553	0.0470242	
14.3	0.069005	0.0161622	-0.0656144	-0.0391043	0.0464724	
14.31	0.0688401	0.0168284	-0.0653121	-0.0396488	0.0459172	
14.32	0.0686685	0.0174919	-0.065004	-0.0401889	0.0453586	
14.33	0.0684902	0.0181529	-0.0646899	-0.0407244	0.0447967	
14.34	0.0683054	0.0188111	-0.0643701	-0.0412553	0.0442315	
14.35	0.068114	0.0194665	-0.0640444	-0.0417816	0.0436631	
14.36	0.0679161	0.0201191	-0.063713	-0.0423032	0.0430916	
14.37	0.0677117	0.0207687	-0.0633758	-0.0428202	0.042517	
14.38	0.0675007	0.0214155	-0.063033	-0.0433323	0.0419393	
14.39	0.0672834	0.0220592	-0.0626845	-0.0438397	0.0413587	
14.4	0.0670596	0.0226998	-0.0623304	-0.0443423	0.0407752	
14.41	0.0668294	0.0233373	-0.0619708	-0.04484	0.0401887	
14.42	0.0665928	0.0239716	-0.0616057	-0.0453328	0.0395995	
14.43	0.06635	0.0246026	-0.0612351	-0.0458206	0.0390075	
14.44	0.0661008	0.0252304	-0.060859	-0.0463034	0.0384128	
14.45	0.0658454	0.0258547	-0.0604776	-0.0467812	0.0378154	
14.46	0.0655837	0.0264757	-0.0600908	-0.047254	0.0372155	
14.47	0.0653159	0.0270931	-0.0596988	-0.0477216	0.036613	
14.48	0.0650419	0.0277071	-0.0593014	-0.0481841	0.036008	
14.49	0.0647617	0.0283174	-0.0588989	-0.0486414	0.0354006	
14.5	0.0644755	0.0289241	-0.0584912	-0.0490935	0.0347909	
14.51	0.0641833	0.0295271	-0.0580784	-0.0495404	0.0341789	
14.52	0.063885	0.0301264	-0.0576605	-0.0499819	0.0335646	
14.53	0.0635807	0.0307218	-0.0572376	-0.0504182	0.0329481	
14.54	0.0632706	0.0313134	-0.0568098	-0.0508491	0.0323295	
14.55	0.0629545	0.0319011	-0.056377	-0.0512746	0.0317088	
14.56	0.0626326	0.0324848	-0.0559393	-0.0516947	0.0310861	
14.57	0.0623048	0.0330645	-0.0554968	-0.0521093	0.0304614	
14.58	0.0619713	0.0336401	-0.0550495	-0.0525185	0.0298348	
14.59	0.061632	0.0342116	-0.0545974	-0.0529221	0.0292064	
14.6	0.0612871	0.0347789	-0.0541407	-0.0533202	0.0285762	
14.61	0.0609365	0.035342	-0.0536794	-0.0537128	0.0279443	
14.62	0.0605802	0.0359009	-0.0532134	-0.0540997	0.0273107	
14.63	0.0602185	0.0364554	-0.052743	-0.054481	0.0266755	
14.64	0.0598511	0.0370055	-0.052268	-0.0548566	0.0260388	
14.65	0.0594784	0.0375513	-0.0517887	-0.0552266	0.0254005	
14.66	0.0591001	0.0380926	-0.0513049	-0.0555908	0.0247609	
14.67	0.0587165	0.0386293	-0.0508169	-0.0559493	0.0241198	
14.68	0.0583276	0.0391615	-0.0503245	-0.056302	0.0234775	
14.69	0.0579333	0.0396892	-0.049828	-0.056649	0.0228339	
14.7	0.0575338	0.0402121	-0.0493272	-0.0569901	0.0221891	
14.71	0.0571291	0.0407304	-0.0488224	-0.0573254	0.0215432	
14.72	0.0567192	0.0412439	-0.0483135	-0.0576548	0.0208962	
14.73	0.0563042	0.0417527	-0.0478006	-0.0579783	0.0202481	
14.74	0.0558842	0.0422566	-0.0472838	-0.0582959	0.0195992	
14.75	0.0554591	0.0427557	-0.046763	-0.0586076	0.0189493	
14.76	0.0550291	0.0432498	-0.0462385	-0.0589133	0.0182986	
14.77	0.0545941	0.043739	-0.0457101	-0.059213	0.0176471	
14.78	0.0541543	0.0442233	-0.045178	-0.0595067	0.0169948	
14.79	0.0537097	0.0447024	-0.0446422	-0.0597945	0.016342	
14.8	0.0532603	0.0451765	-0.0441029	-0.0600762	0.0156885	
14.81	0.0528062	0.0456455	-0.0435599	-0.0603518	0.0150344	
14.82	0.0523474	0.0461094	-0.0430135	-0.0606213	0.0143799	
14.83	0.051884	0.046568	-0.0424636	-0.0608848	0.013725	
14.84	0.051416	0.0470214	-0.0419104	-0.0611422	0.0130697	
14.85	0.0509436	0.0474696	-0.0413538	-0.0613934	0.0124141	
14.86	0.0504667	0.0479124	-0.0407939	-0.0616385	0.0117583	
14.87	0.0499853	0.0483499	-0.0402308	-0.0618774	0.0111022	
14.88	0.0494997	0.0487821	-0.0396646	-0.0621102	0.0104461	
14.89	0.0490097	0.0492088	-0.0390953	-0.0623368	0.00978985	
14.9	0.0485155	0.04963	-0.0385229	-0.0625572	0.00913361	
14.91	0.0480171	0.0500458	-0.0379476	-0.0627714	0.00847743	
14.92	0.0475146	0.0504561	-0.0373693	-0.0629793	0.00782135	
14.93	0.047008	0.0508609	-0.0367882	-0.0631811	0.00716544	
14.94	0.0464974	0.05126	-0.0362043	-0.0633766	0.00650975	
14.95	0.0459829	0.0516535	-0.0356176	-0.0635658	0.00585435	
14.96	0.0454644	0.0520414	-0.0350283	-0.0637488	0.0051993	
14.97	0.044942	0.0524237	-0.0344363	-0.0639254	0.00454464	
14.98	0.0444159	0.0528002	-0.0338418	-0.0640959	0.00389045	
14.99	0.0438861	0.053171	-0.0332448	-0.06426	0.00323677	
15	0.0433525	0.053536	-0.0326453	-0.0644178	0.00258368	
