0.1	-9.95004	-100.499	-3005.01	-150150	-1.05075e+07	
0.11	-9.03596	-83.1431	-2258.5	-102576	-6.52531e+06	
0.12	-8.27341	-69.9426	-1740.29	-72442.3	-4.22406e+06	
0.13	-7.6274	-59.6695	-1369.36	-52608.1	-2.83137e+06	
0.14	-7.07297	-51.518	-1096.88	-39122.9	-1.95505e+06	
0.15	-6.59181	-44.9416	-892.241	-29696.4	-1.38494e+06	
0.16	-6.17017	-39.5593	-735.567	-22946.9	-1.00319e+06	
0.17	-5.79756	-35.0985	-613.587	-18011.6	-741040	
0.18	-5.4658	-31.3602	-517.203	-14335.4	-556971	
0.19	-5.16844	-28.1963	-440.037	-11551.7	-425150	
0.2	-4.90033	-25.495	-377.525	-9412.63	-329064	
0.21	-4.65729	-23.1702	-326.346	-7746.98	-257906	
0.22	-4.4359	-21.1551	-284.043	-6434.37	-204446	
0.23	-4.23333	-19.397	-248.771	-5388.67	-163754	
0.24	-4.04724	-17.8539	-219.127	-4547.29	-132410	
0.25	-3.87565	-16.4922	-194.031	-3864.13	-108002	
0.26	-3.71688	-15.2845	-172.643	-3304.76	-88801.8	
0.27	-3.56952	-14.2083	-154.301	-2843.22	-73558.7	
0.28	-3.43234	-13.2453	-138.482	-2459.65	-61352.7	
0.29	-3.30429	-12.3801	-124.766	-2138.76	-51500.5	
0.3	-3.18445	-11.5999	-112.815	-1868.65	-43488.9	
0.31	-3.07204	-10.8939	-102.353	-1639.95	-36928.9	
0.32	-2.96636	-10.2529	-93.1546	-1445.29	-31522.5	
0.33	-2.86679	-9.66921	-85.0351	-1278.74	-27039.8	
0.34	-2.77281	-9.13616	-77.8404	-1135.58	-23301.7	
0.35	-2.68392	-8.64806	-71.4423	-1011.96	-20167.7	
0.36	-2.59971	-8.19997	-65.7333	-904.763	-17526.9	
0.37	-2.5198	-7.78762	-60.6231	-811.443	-15291	
0.38	-2.44385	-7.4073	-56.0348	-729.893	-13389.4	
0.39	-2.37156	-7.05577	-51.9036	-658.375	-11765.1	
0.4	-2.30265	-6.73018	-48.1737	-595.441	-10372	
0.41	-2.23688	-6.42802	-44.7974	-539.882	-9172.7	
0.42	-2.17402	-6.1471	-41.7338	-490.684	-8136.34	
0.43	-2.11387	-5.88545	-38.9474	-446.992	-7237.66	
0.44	-2.05625	-5.64135	-36.4075	-408.08	-6455.78	
0.45	-2.00099	-5.41324	-34.0873	-373.334	-5773.34	
0.46	-1.94794	-5.19976	-31.9635	-342.23	-5175.88	
0.47	-1.89695	-4.99966	-30.0158	-314.317	-4651.3	
0.48	-1.84791	-4.81184	-28.2261	-289.21	-4189.42	
0.49	-1.80068	-4.63532	-26.5788	-266.577	-3781.66	
0.5	-1.75517	-4.46918	-25.0599	-246.13	-3420.76	
0.51	-1.71126	-4.31263	-23.6571	-227.62	-3100.54	
0.52	-1.66888	-4.16493	-22.3596	-210.831	-2815.75	
0.53	-1.62794	-4.02542	-21.1574	-195.573	-2561.88	
0.54	-1.58835	-3.89349	-20.0422	-181.682	-2335.1	
0.55	-1.55004	-3.7686	-19.006	-169.013	-2132.07	
0.56	-1.51296	-3.65025	-18.042	-157.439	-1949.94	
0.57	-1.47702	-3.53798	-17.144	-146.848	-1786.25	
0.58	-1.44218	-3.43138	-16.3063	-137.141	-1638.84	
0.59	-1.40837	-3.33006	-15.5241	-128.23	-1505.85	
0.6	-1.37556	-3.23367	-14.7928	-120.04	-1385.67	
0.61	-1.34369	-3.14189	-14.1082	-112.499	-1276.87	
0.62	-1.31271	-3.05442	-13.4668	-105.548	-1178.21	
0.63	-1.28258	-2.971	-12.865	-99.1323	-1088.61	
0.64	-1.25327	-2.89136	-12.3	-93.2022	-1007.1	
0.65	-1.22474	-2.81528	-11.7688	-87.7143	-932.847	
0.66	-1.19696	-2.74254	-11.2691	-82.6296	-865.105	
0.67	-1.16988	-2.67294	-10.7985	-77.9129	-803.217	
0.68	-1.14349	-2.6063	-10.3549	-73.5325	-746.598	
0.69	-1.11775	-2.54244	-9.93635	-69.4601	-694.731	
0.7	-1.09263	-2.48121	-9.54114	-65.6698	-647.157	
0.71	-1.06812	-2.42246	-9.16765	-62.1384	-603.465	
0.72	-1.04417	-2.36605	-8.81439	-58.845	-563.289	
0.73	-1.02079	-2.31186	-8.48	-55.7703	-526.304	
0.74	-0.99793	-2.25975	-8.16324	-52.8973	-492.216	
0.75	-0.975585	-2.20963	-7.86294	-50.21	-460.764	
0.76	-0.953732	-2.16139	-7.57805	-47.6942	-431.711	
0.77	-0.932352	-2.11492	-7.30759	-45.337	-404.847	
0.78	-0.911428	-2.07014	-7.05064	-43.1263	-379.98	
0.79	-0.890943	-2.02696	-6.80636	-41.0513	-356.939	
0.8	-0.870883	-1.9853	-6.57399	-39.1021	-335.57	
0.81	-0.851233	-1.94509	-6.35279	-37.2697	-315.731	
0.82	-0.831977	-1.90625	-6.1421	-35.5456	-297.296	
0.83	-0.813103	-1.86872	-5.94129	-33.9222	-280.15	
0.84	-0.794599	-1.83243	-5.7498	-32.3925	-264.188	
0.85	-0.776451	-1.79733	-5.56707	-30.9501	-249.316	
0.86	-0.758648	-1.76336	-5.39261	-29.589	-235.448	
0.87	-0.74118	-1.73047	-5.22596	-28.3038	-222.506	
0.88	-0.724035	-1.69861	-5.06667	-27.0893	-210.416	
0.89	-0.707205	-1.66773	-4.91434	-25.9409	-199.116	
0.9	-0.690678	-1.63778	-4.7686	-24.8544	-188.544	
0.91	-0.674446	-1.60874	-4.62908	-23.8258	-178.646	
0.92	-0.6585	-1.58055	-4.49545	-22.8513	-169.373	
0.93	-0.642832	-1.55317	-4.36741	-21.9275	-160.678	
0.94	-0.627434	-1.52659	-4.24465	-21.0514	-152.521	
0.95	-0.612298	-1.50075	-4.12692	-20.2199	-144.862	
0.96	-0.597417	-1.47563	-4.01394	-19.4303	-137.665	
0.97	-0.582783	-1.4512	-3.90548	-18.6801	-130.9	
0.98	-0.56839	-1.42744	-3.80131	-17.967	-124.535	
0.99	-0.554232	-1.4043	-3.70123	-17.2888	-118.543	
1	-0.540302	-1.38177	-3.60502	-16.6433	-112.898	
1.01	-0.526595	-1.35983	-3.5125	-16.0288	-107.578	
1.02	-0.513104	-1.33844	-3.42349	-15.4434	-102.561	
1.03	-0.499824	-1.3176	-3.33783	-14.8855	-97.8256	
1.04	-0.48675	-1.29726	-3.25536	-14.3535	-93.3547	
1.05	-0.473877	-1.27743	-3.17592	-13.846	-89.1307	
1.06	-0.4612	-1.25807	-3.09938	-13.3616	-85.1379	
1.07	-0.448714	-1.23917	-3.0256	-12.8992	-81.3614	
1.08	-0.436415	-1.22072	-2.95446	-12.4573	-77.7876	
1.09	-0.424299	-1.20268	-2.88584	-12.0351	-74.4039	
1.1	-0.41236	-1.18506	-2.81963	-11.6314	-71.1985	
1.11	-0.400596	-1.16783	-2.75571	-11.2453	-68.1604	
1.12	-0.389002	-1.15098	-2.69399	-10.8758	-65.2795	
1.13	-0.377575	-1.1345	-2.63438	-10.522	-62.5464	
1.14	-0.366311	-1.11837	-2.57677	-10.1833	-59.9521	
1.15	-0.355206	-1.10258	-2.5211	-9.85871	-57.4884	
1.16	-0.344258	-1.08712	-2.46726	-9.54764	-55.1478	
1.17	-0.333463	-1.07198	-2.4152	-9.24938	-52.923	
1.18	-0.322818	-1.05714	-2.36482	-8.9633	-50.8073	
1.19	-0.312319	-1.0426	-2.31607	-8.6888	-48.7945	
1.2	-0.301965	-1.02834	-2.26888	-8.42532	-46.8788	
1.21	-0.291752	-1.01435	-2.22317	-8.17232	-45.0547	
1.22	-0.281677	-1.00064	-2.1789	-7.9293	-43.3171	
1.23	-0.271738	-0.987176	-2.13601	-7.69579	-41.6612	
1.24	-0.261932	-0.973965	-2.09443	-7.47133	-40.0825	
1.25	-0.252258	-0.960994	-2.05413	-7.25552	-38.5768	
1.26	-0.242712	-0.948256	-2.01504	-7.04793	-37.1401	
1.27	-0.233292	-0.935742	-1.97712	-6.84821	-35.7689	
1.28	-0.223996	-0.923447	-1.94033	-6.65598	-34.4595	
1.29	-0.214822	-0.911362	-1.90462	-6.4709	-33.2088	
1.3	-0.205768	-0.899482	-1.86996	-6.29267	-32.0136	
1.31	-0.196832	-0.887799	-1.8363	-6.12096	-30.8711	
1.32	-0.188012	-0.876308	-1.8036	-5.9555	-29.7786	
1.33	-0.179305	-0.865003	-1.77183	-5.79601	-28.7335	
1.34	-0.170711	-0.853877	-1.74095	-5.64222	-27.7333	
1.35	-0.162227	-0.842926	-1.71094	-5.4939	-26.7759	
1.36	-0.153852	-0.832145	-1.68176	-5.3508	-25.8591	
1.37	-0.145584	-0.821527	-1.65338	-5.21271	-24.9809	
1.38	-0.137421	-0.811068	-1.62577	-5.07941	-24.1393	
1.39	-0.129362	-0.800765	-1.59891	-4.9507	-23.3327	
1.4	-0.121405	-0.790611	-1.57276	-4.82639	-22.5592	
1.41	-0.113549	-0.780602	-1.54731	-4.7063	-21.8173	
1.42	-0.105793	-0.770735	-1.52252	-4.59026	-21.1055	
1.43	-0.098134	-0.761006	-1.49838	-4.47809	-20.4223	
1.44	-0.090572	-0.75141	-1.47487	-4.36965	-19.7665	
1.45	-0.0831054	-0.741944	-1.45195	-4.26478	-19.1367	
1.46	-0.0757327	-0.732603	-1.42962	-4.16334	-18.5316	
1.47	-0.0684529	-0.723386	-1.40784	-4.0652	-17.9503	
1.48	-0.0612646	-0.714287	-1.38662	-3.97022	-17.3915	
1.49	-0.0541667	-0.705305	-1.36591	-3.87829	-16.8542	
1.5	-0.0471581	-0.696435	-1.34571	-3.78927	-16.3376	
1.51	-0.0402377	-0.687676	-1.32601	-3.70307	-15.8405	
1.52	-0.0334043	-0.679023	-1.30677	-3.61957	-15.3623	
1.53	-0.0266569	-0.670474	-1.288	-3.53867	-14.902	
1.54	-0.0199945	-0.662026	-1.26967	-3.46027	-14.4588	
1.55	-0.013416	-0.653677	-1.25177	-3.38428	-14.0321	
1.56	-0.00692059	-0.645425	-1.23428	-3.3106	-13.621	
1.57	-0.000507214	-0.637266	-1.2172	-3.23916	-13.2249	
1.58	0.00582503	-0.629198	-1.2005	-3.16987	-12.8432	
1.59	0.012077	-0.621219	-1.18419	-3.10264	-12.4753	
1.6	0.0182497	-0.613327	-1.16824	-3.03742	-12.1205	
1.61	0.0243439	-0.60552	-1.15264	-2.97412	-11.7783	
1.62	0.0303604	-0.597796	-1.13739	-2.91267	-11.4482	
1.63	0.0363001	-0.590152	-1.12247	-2.85301	-11.1297	
1.64	0.0421637	-0.582587	-1.10787	-2.79507	-10.8223	
1.65	0.0479521	-0.575099	-1.09359	-2.7388	-10.5256	
1.66	0.0536659	-0.567686	-1.0796	-2.68413	-10.239	
1.67	0.059306	-0.560346	-1.06592	-2.63102	-9.9623	
1.68	0.0648731	-0.553077	-1.05251	-2.5794	-9.69498	
1.69	0.0703678	-0.545879	-1.03938	-2.52922	-9.43668	
1.7	0.0757909	-0.538749	-1.02653	-2.48044	-9.18706	
1.71	0.081143	-0.531686	-1.01393	-2.43301	-8.94576	
1.72	0.0864248	-0.524689	-1.00158	-2.38688	-8.71247	
1.73	0.091637	-0.517755	-0.989479	-2.34201	-8.48686	
1.74	0.0967801	-0.510885	-0.977615	-2.29836	-8.26864	
1.75	0.101855	-0.504075	-0.965983	-2.25588	-8.05753	
1.76	0.106862	-0.497325	-0.954575	-2.21454	-7.85324	
1.77	0.111802	-0.490634	-0.943385	-2.1743	-7.65552	
1.78	0.116675	-0.484001	-0.932407	-2.13512	-7.46413	
1.79	0.121482	-0.477424	-0.921634	-2.09697	-7.27882	
1.8	0.126223	-0.470902	-0.911061	-2.05982	-7.09936	
1.81	0.1309	-0.464435	-0.900681	-2.02364	-6.92553	
1.82	0.135512	-0.45802	-0.890491	-1.98838	-6.75714	
1.83	0.140061	-0.451658	-0.880483	-1.95403	-6.59396	
1.84	0.144546	-0.445346	-0.870654	-1.92056	-6.43583	
1.85	0.148968	-0.439085	-0.860998	-1.88794	-6.28254	
1.86	0.153327	-0.432873	-0.85151	-1.85613	-6.13393	
1.87	0.157625	-0.426709	-0.842186	-1.82512	-5.98983	
1.88	0.161862	-0.420593	-0.83302	-1.79489	-5.85007	
1.89	0.166037	-0.414523	-0.82401	-1.7654	-5.7145	
1.9	0.170152	-0.408499	-0.81515	-1.73663	-5.58297	
1.91	0.174207	-0.40252	-0.806437	-1.70857	-5.45535	
1.92	0.178203	-0.396585	-0.797866	-1.68119	-5.33148	
1.93	0.182139	-0.390693	-0.789434	-1.65447	-5.21125	
1.94	0.186017	-0.384844	-0.781137	-1.6284	-5.09452	
1.95	0.189836	-0.379038	-0.772971	-1.60294	-4.98117	
1.96	0.193598	-0.373272	-0.764933	-1.57809	-4.87109	
1.97	0.197302	-0.367548	-0.757019	-1.55382	-4.76417	
1.98	0.200949	-0.361863	-0.749226	-1.53012	-4.6603	
1.99	0.204539	-0.356218	-0.741552	-1.50698	-4.55937	
2	0.208073	-0.350612	-0.733991	-1.48437	-4.46129	
2.01	0.211552	-0.345044	-0.726543	-1.46228	-4.36596	
2.02	0.214974	-0.339514	-0.719203	-1.44069	-4.2733	
2.03	0.218342	-0.334022	-0.71197	-1.4196	-4.1832	
2.04	0.221655	-0.328566	-0.70484	-1.39898	-4.09559	
2.05	0.224914	-0.323146	-0.69781	-1.37883	-4.01039	
2.06	0.228118	-0.317762	-0.690878	-1.35913	-3.92751	
2.07	0.231269	-0.312413	-0.684042	-1.33986	-3.84689	
2.08	0.234366	-0.307099	-0.677298	-1.32102	-3.76845	
2.09	0.237411	-0.30182	-0.670645	-1.30259	-3.69211	
2.1	0.240403	-0.296575	-0.664081	-1.28457	-3.61782	
2.11	0.243343	-0.291363	-0.657602	-1.26694	-3.5455	
2.12	0.24623	-0.286184	-0.651208	-1.24968	-3.4751	
2.13	0.249066	-0.281038	-0.644895	-1.2328	-3.40656	
2.14	0.251851	-0.275925	-0.638662	-1.21628	-3.33981	
2.15	0.254585	-0.270844	-0.632506	-1.2001	-3.2748	
2.16	0.257268	-0.265794	-0.626427	-1.18427	-3.21148	
2.17	0.259901	-0.260776	-0.620421	-1.16877	-3.14979	
2.18	0.262484	-0.255789	-0.614487	-1.15358	-3.08968	
2.19	0.265017	-0.250833	-0.608624	-1.13872	-3.03112	
2.2	0.267501	-0.245907	-0.602829	-1.12416	-2.97404	
2.21	0.269935	-0.241012	-0.5971	-1.10989	-2.9184	
2.22	0.272321	-0.236146	-0.591437	-1.09592	-2.86417	
2.23	0.274658	-0.23131	-0.585838	-1.08223	-2.81129	
2.24	0.276947	-0.226504	-0.580301	-1.06881	-2.75973	
2.25	0.279188	-0.221727	-0.574824	-1.05566	-2.70945	
2.26	0.281382	-0.216978	-0.569406	-1.04277	-2.66041	
2.27	0.283528	-0.212259	-0.564046	-1.03013	-2.61258	
2.28	0.285627	-0.207567	-0.558742	-1.01774	-2.56591	
2.29	0.287679	-0.202904	-0.553493	-1.0056	-2.52038	
2.3	0.289685	-0.19827	-0.548298	-0.993682	-2.47595	
2.31	0.291645	-0.193663	-0.543155	-0.981997	-2.43259	
2.32	0.293559	-0.189083	-0.538063	-0.970535	-2.39027	
2.33	0.295427	-0.184531	-0.53302	-0.95929	-2.34897	
2.34	0.297249	-0.180007	-0.528027	-0.948256	-2.30864	
2.35	0.299027	-0.175509	-0.523081	-0.937429	-2.26926	
2.36	0.30076	-0.171039	-0.518182	-0.926804	-2.23081	
2.37	0.302448	-0.166595	-0.513327	-0.916374	-2.19326	
2.38	0.304092	-0.162178	-0.508517	-0.906136	-2.15659	
2.39	0.305691	-0.157787	-0.503751	-0.896085	-2.12076	
2.4	0.307247	-0.153423	-0.499026	-0.886215	-2.08577	
2.41	0.30876	-0.149085	-0.494343	-0.876523	-2.05157	
2.42	0.310229	-0.144774	-0.489701	-0.867004	-2.01816	
2.43	0.311655	-0.140488	-0.485097	-0.857655	-1.98551	
2.44	0.313039	-0.136228	-0.480532	-0.848469	-1.9536	
2.45	0.31438	-0.131994	-0.476005	-0.839445	-1.92241	
2.46	0.315679	-0.127785	-0.471515	-0.830578	-1.89192	
2.47	0.316936	-0.123602	-0.46706	-0.821864	-1.86211	
2.48	0.318151	-0.119445	-0.462641	-0.813299	-1.83296	
2.49	0.319325	-0.115313	-0.458256	-0.80488	-1.80446	
2.5	0.320457	-0.111206	-0.453905	-0.796603	-1.77658	
2.51	0.321549	-0.107124	-0.449586	-0.788465	-1.74932	
2.52	0.3226	-0.103068	-0.4453	-0.780463	-1.72265	
2.53	0.323611	-0.0990362	-0.441045	-0.772594	-1.69657	
2.54	0.324581	-0.0950297	-0.436821	-0.764853	-1.67104	
2.55	0.325511	-0.091048	-0.432627	-0.757239	-1.64607	
2.56	0.326402	-0.0870912	-0.428462	-0.749748	-1.62163	
2.57	0.327253	-0.0831592	-0.424326	-0.742378	-1.59771	
2.58	0.328065	-0.0792519	-0.420218	-0.735125	-1.57431	
2.59	0.328838	-0.0753692	-0.416138	-0.727987	-1.55139	
2.6	0.329573	-0.0715111	-0.412085	-0.720961	-1.52896	
2.61	0.330269	-0.0676775	-0.408059	-0.714044	-1.507	
2.62	0.330926	-0.0638685	-0.404058	-0.707235	-1.4855	
2.63	0.331546	-0.0600839	-0.400083	-0.70053	-1.46444	
2.64	0.332128	-0.0563237	-0.396132	-0.693927	-1.44382	
2.65	0.332673	-0.0525879	-0.392206	-0.687423	-1.42363	
2.66	0.33318	-0.0488765	-0.388304	-0.681018	-1.40385	
2.67	0.33365	-0.0451893	-0.384425	-0.674707	-1.38447	
2.68	0.334084	-0.0415265	-0.380569	-0.668489	-1.36549	
2.69	0.334481	-0.0378879	-0.376735	-0.662363	-1.34689	
2.7	0.334842	-0.0342735	-0.372923	-0.656325	-1.32866	
2.71	0.335166	-0.0306833	-0.369133	-0.650374	-1.3108	
2.72	0.335455	-0.0271172	-0.365364	-0.644508	-1.2933	
2.73	0.335709	-0.0235754	-0.361616	-0.638724	-1.27614	
2.74	0.335927	-0.0200576	-0.357888	-0.633022	-1.25932	
2.75	0.33611	-0.016564	-0.35418	-0.627399	-1.24284	
2.76	0.336258	-0.0130945	-0.350491	-0.621854	-1.22667	
2.77	0.336372	-0.00964907	-0.346822	-0.616384	-1.21083	
2.78	0.336451	-0.00622772	-0.343172	-0.610988	-1.19529	
2.79	0.336497	-0.00283043	-0.33954	-0.605664	-1.18005	
2.8	0.336508	0.000542796	-0.335926	-0.600411	-1.1651	
2.81	0.336486	0.00389198	-0.332331	-0.595228	-1.15044	
2.82	0.33643	0.00721711	-0.328752	-0.590112	-1.13606	
2.83	0.336342	0.0105182	-0.325191	-0.585061	-1.12196	
2.84	0.33622	0.0137953	-0.321647	-0.580076	-1.10812	
2.85	0.336066	0.0170483	-0.31812	-0.575154	-1.09454	
2.86	0.335879	0.0202773	-0.314609	-0.570293	-1.08121	
2.87	0.33566	0.0234823	-0.311114	-0.565493	-1.06814	
2.88	0.335409	0.0266632	-0.307635	-0.560752	-1.0553	
2.89	0.335127	0.0298202	-0.304172	-0.556069	-1.04271	
2.9	0.334813	0.032953	-0.300724	-0.551442	-1.03034	
2.91	0.334468	0.0360619	-0.297291	-0.546871	-1.01821	
2.92	0.334092	0.0391467	-0.293873	-0.542354	-1.00629	
2.93	0.333685	0.0422075	-0.290469	-0.537889	-0.99459	
2.94	0.333248	0.0452442	-0.28708	-0.533476	-0.983101	
2.95	0.33278	0.0482569	-0.283706	-0.529114	-0.971819	
2.96	0.332283	0.0512455	-0.280345	-0.524801	-0.960739	
2.97	0.331756	0.05421	-0.276998	-0.520537	-0.949856	
2.98	0.331199	0.0571505	-0.273665	-0.516319	-0.939166	
2.99	0.330613	0.0600669	-0.270345	-0.512149	-0.928665	
3	0.329997	0.0629592	-0.267038	-0.508023	-0.918349	
3.01	0.329354	0.0658274	-0.263745	-0.503942	-0.908213	
3.02	0.328681	0.0686714	-0.260464	-0.499904	-0.898253	
3.03	0.32798	0.0714914	-0.257197	-0.495908	-0.888466	
3.04	0.327251	0.0742873	-0.253941	-0.491954	-0.878848	
3.05	0.326495	0.077059	-0.250699	-0.488041	-0.869394	
3.06	0.32571	0.0798065	-0.247468	-0.484167	-0.860103	
3.07	0.324898	0.08253	-0.24425	-0.480332	-0.850969	
3.08	0.32406	0.0852292	-0.241044	-0.476535	-0.841989	
3.09	0.323194	0.0879043	-0.23785	-0.472775	-0.833161	
3.1	0.322302	0.0905552	-0.234668	-0.469051	-0.824481	
3.11	0.321383	0.0931819	-0.231497	-0.465363	-0.815945	
3.12	0.320438	0.0957843	-0.228338	-0.46171	-0.807551	
3.13	0.319467	0.0983626	-0.22519	-0.458091	-0.799295	
3.14	0.318471	0.100917	-0.222054	-0.454505	-0.791175	
3.15	0.317449	0.103446	-0.218929	-0.450952	-0.783187	
3.16	0.316402	0.105952	-0.215815	-0.447431	-0.77533	
3.17	0.31533	0.108433	-0.212712	-0.443941	-0.767599	
3.18	0.314233	0.11089	-0.20962	-0.440481	-0.759993	
3.19	0.313112	0.113323	-0.206539	-0.437052	-0.752509	
3.2	0.311967	0.115732	-0.203469	-0.433651	-0.745144	
3.21	0.310798	0.118116	-0.200409	-0.43028	-0.737896	
3.22	0.309605	0.120476	-0.19736	-0.426936	-0.730761	
3.23	0.308388	0.122811	-0.194322	-0.42362	-0.723739	
3.24	0.307149	0.125123	-0.191294	-0.42033	-0.716826	
3.25	0.305886	0.12741	-0.188277	-0.417067	-0.710021	
3.26	0.304601	0.129672	-0.18527	-0.413829	-0.70332	
3.27	0.303293	0.131911	-0.182274	-0.410617	-0.696722	
3.28	0.301962	0.134125	-0.179288	-0.407429	-0.690225	
3.29	0.30061	0.136314	-0.176312	-0.404265	-0.683827	
3.3	0.299236	0.138479	-0.173346	-0.401125	-0.677525	
3.31	0.297841	0.14062	-0.17039	-0.398008	-0.671317	
3.32	0.296424	0.142737	-0.167445	-0.394913	-0.665203	
3.33	0.294986	0.144829	-0.164509	-0.39184	-0.659179	
3.34	0.293527	0.146897	-0.161584	-0.388789	-0.653244	
3.35	0.292048	0.14894	-0.158669	-0.38576	-0.647396	
3.36	0.290549	0.150959	-0.155764	-0.38275	-0.641633	
3.37	0.289029	0.152954	-0.152868	-0.379762	-0.635954	
3.38	0.28749	0.154925	-0.149983	-0.376793	-0.630357	
3.39	0.285931	0.156871	-0.147107	-0.373843	-0.62484	
3.4	0.284352	0.158792	-0.144242	-0.370912	-0.619401	
3.41	0.282755	0.160689	-0.141386	-0.368	-0.61404	
3.42	0.281139	0.162562	-0.13854	-0.365106	-0.608754	
3.43	0.279504	0.164411	-0.135704	-0.36223	-0.603542	
3.44	0.277851	0.166235	-0.132878	-0.359372	-0.598402	
3.45	0.276179	0.168035	-0.130062	-0.35653	-0.593333	
3.46	0.27449	0.16981	-0.127255	-0.353706	-0.588334	
3.47	0.272783	0.171562	-0.124459	-0.350897	-0.583403	
3.48	0.271059	0.173289	-0.121672	-0.348105	-0.578539	
3.49	0.269317	0.174991	-0.118895	-0.345328	-0.57374	
3.5	0.267559	0.176669	-0.116128	-0.342567	-0.569005	
3.51	0.265784	0.178323	-0.113371	-0.33982	-0.564334	
3.52	0.263993	0.179953	-0.110624	-0.337089	-0.559723	
3.53	0.262185	0.181558	-0.107886	-0.334372	-0.555174	
3.54	0.260362	0.183139	-0.105159	-0.331669	-0.550683	
3.55	0.258522	0.184696	-0.102441	-0.328979	-0.546251	
3.56	0.256668	0.186228	-0.0997336	-0.326304	-0.541875	
3.57	0.254798	0.187737	-0.0970359	-0.323641	-0.537555	
3.58	0.252913	0.189221	-0.094348	-0.320992	-0.53329	
3.59	0.251014	0.190681	-0.0916702	-0.318355	-0.529078	
3.6	0.2491	0.192117	-0.0890023	-0.315731	-0.524919	
3.61	0.247171	0.193528	-0.0863445	-0.313119	-0.520811	
3.62	0.245229	0.194916	-0.0836967	-0.310519	-0.516754	
3.63	0.243273	0.196279	-0.081059	-0.307931	-0.512747	
3.64	0.241304	0.197618	-0.0784313	-0.305354	-0.508787	
3.65	0.239321	0.198934	-0.0758138	-0.302788	-0.504876	
3.66	0.237325	0.200225	-0.0732064	-0.300233	-0.501011	
3.67	0.235316	0.201492	-0.0706092	-0.29769	-0.497191	
3.68	0.233295	0.202735	-0.0680222	-0.295156	-0.493417	
3.69	0.231262	0.203954	-0.0654454	-0.292634	-0.489686	
3.7	0.229216	0.205149	-0.062879	-0.290121	-0.485998	
3.71	0.227159	0.206321	-0.0603228	-0.287618	-0.482353	
3.72	0.22509	0.207468	-0.057777	-0.285125	-0.478749	
3.73	0.22301	0.208592	-0.0552416	-0.282642	-0.475186	
3.74	0.220918	0.209691	-0.0527166	-0.280168	-0.471662	
3.75	0.218816	0.210767	-0.050202	-0.277703	-0.468177	
3.76	0.216703	0.211819	-0.047698	-0.275248	-0.464731	
3.77	0.21458	0.212848	-0.0452045	-0.272801	-0.461322	
3.78	0.212446	0.213853	-0.0427216	-0.270363	-0.45795	
3.79	0.210303	0.214834	-0.0402494	-0.267933	-0.454614	
3.8	0.208149	0.215791	-0.0377878	-0.265512	-0.451314	
3.81	0.205987	0.216725	-0.0353369	-0.263099	-0.448048	
3.82	0.203815	0.217636	-0.0328968	-0.260694	-0.444816	
3.83	0.201634	0.218523	-0.0304675	-0.258298	-0.441617	
3.84	0.199445	0.219386	-0.0280491	-0.255908	-0.438451	
3.85	0.197247	0.220226	-0.0256415	-0.253527	-0.435317	
3.86	0.19504	0.221043	-0.0232449	-0.251153	-0.432214	
3.87	0.192826	0.221837	-0.0208594	-0.248787	-0.429142	
3.88	0.190603	0.222607	-0.0184848	-0.246427	-0.426101	
3.89	0.188374	0.223354	-0.0161214	-0.244075	-0.423089	
3.9	0.186136	0.224078	-0.0137691	-0.24173	-0.420106	
3.91	0.183892	0.224778	-0.011428	-0.239392	-0.417151	
3.92	0.181641	0.225456	-0.00909819	-0.237061	-0.414225	
3.93	0.179383	0.226111	-0.00677966	-0.234736	-0.411325	
3.94	0.177119	0.226742	-0.00447249	-0.232418	-0.408453	
3.95	0.174848	0.227351	-0.00217672	-0.230106	-0.405607	
3.96	0.172572	0.227937	0.00010758	-0.227801	-0.402786	
3.97	0.17029	0.2285	0.00238037	-0.225502	-0.399991	
3.98	0.168002	0.22904	0.00464159	-0.223209	-0.397221	
3.99	0.165709	0.229558	0.00689119	-0.220923	-0.394475	
4	0.163411	0.230053	0.00912911	-0.218642	-0.391753	
4.01	0.161108	0.230526	0.0113553	-0.216367	-0.389054	
4.02	0.1588	0.230976	0.0135697	-0.214098	-0.386378	
4.03	0.156489	0.231404	0.0157723	-0.211835	-0.383724	
4.04	0.154172	0.231809	0.0179629	-0.209578	-0.381093	
4.05	0.151852	0.232192	0.0201417	-0.207326	-0.378483	
4.06	0.149529	0.232553	0.0223084	-0.205079	-0.375894	
4.07	0.147201	0.232891	0.024463	-0.202839	-0.373326	
4.08	0.144871	0.233208	0.0266055	-0.200603	-0.370778	
4.09	0.142537	0.233503	0.0287359	-0.198373	-0.36825	
4.1	0.140201	0.233775	0.030854	-0.196148	-0.365741	
4.11	0.137862	0.234026	0.0329599	-0.193929	-0.363252	
4.12	0.135521	0.234255	0.0350534	-0.191714	-0.360782	
4.13	0.133177	0.234462	0.0371344	-0.189505	-0.358329	
4.14	0.130831	0.234648	0.0392031	-0.187301	-0.355895	
4.15	0.128484	0.234812	0.0412592	-0.185102	-0.353479	
4.16	0.126135	0.234954	0.0433028	-0.182907	-0.35108	
4.17	0.123785	0.235075	0.0453337	-0.180718	-0.348697	
4.18	0.121434	0.235175	0.047352	-0.178534	-0.346332	
4.19	0.119082	0.235253	0.0493575	-0.176354	-0.343983	
4.2	0.116729	0.235311	0.0513502	-0.174179	-0.341649	
4.21	0.114375	0.235347	0.0533301	-0.172009	-0.339331	
4.22	0.112022	0.235362	0.0552971	-0.169844	-0.337029	
4.23	0.109668	0.235356	0.0572511	-0.167684	-0.334742	
4.24	0.107315	0.23533	0.0591921	-0.165528	-0.332469	
4.25	0.104962	0.235283	0.0611201	-0.163377	-0.330211	
4.26	0.102609	0.235215	0.0630349	-0.16123	-0.327967	
4.27	0.100258	0.235126	0.0649365	-0.159088	-0.325737	
4.28	0.0979068	0.235017	0.066825	-0.156951	-0.32352	
4.29	0.0955573	0.234888	0.0687001	-0.154818	-0.321317	
4.3	0.0932091	0.234738	0.0705619	-0.15269	-0.319127	
4.31	0.0908626	0.234569	0.0724102	-0.150566	-0.316949	
4.32	0.0885178	0.234379	0.0742452	-0.148447	-0.314784	
4.33	0.0861751	0.234169	0.0760666	-0.146332	-0.312631	
4.34	0.0838345	0.233939	0.0778745	-0.144222	-0.31049	
4.35	0.0814963	0.233689	0.0796688	-0.142116	-0.308361	
4.36	0.0791608	0.23342	0.0814494	-0.140015	-0.306244	
4.37	0.076828	0.233131	0.0832163	-0.137918	-0.304138	
4.38	0.0744982	0.232823	0.0849694	-0.135826	-0.302042	
4.39	0.0721716	0.232495	0.0867088	-0.133738	-0.299958	
4.4	0.0698484	0.232148	0.0884342	-0.131654	-0.297884	
4.41	0.0675287	0.231782	0.0901458	-0.129575	-0.295821	
4.42	0.0652128	0.231396	0.0918434	-0.127501	-0.293768	
4.43	0.0629009	0.230992	0.0935269	-0.125431	-0.291725	
4.44	0.060593	0.230568	0.0951965	-0.123365	-0.289691	
4.45	0.0582896	0.230126	0.0968519	-0.121304	-0.287667	
4.46	0.0559906	0.229666	0.0984931	-0.119247	-0.285653	
4.47	0.0536963	0.229186	0.10012	-0.117195	-0.283647	
4.48	0.0514069	0.228689	0.101733	-0.115148	-0.281651	
4.49	0.0491226	0.228173	0.103331	-0.113104	-0.279663	
4.5	0.0468435	0.227639	0.104916	-0.111066	-0.277684	
4.51	0.0445699	0.227086	0.106485	-0.109032	-0.275714	
4.52	0.0423018	0.226516	0.108041	-0.107002	-0.273752	
4.53	0.0400396	0.225928	0.109581	-0.104977	-0.271797	
4.54	0.0377833	0.225322	0.111108	-0.102956	-0.269851	
4.55	0.0355332	0.224698	0.112619	-0.100941	-0.267913	
4.56	0.0332894	0.224057	0.114117	-0.0989293	-0.265982	
4.57	0.0310521	0.223399	0.115599	-0.0969227	-0.264058	
4.58	0.0288215	0.222723	0.117067	-0.0949207	-0.262142	
4.59	0.0265977	0.22203	0.11852	-0.0929233	-0.260233	
4.6	0.024381	0.22132	0.119958	-0.0909307	-0.258331	
4.61	0.0221714	0.220593	0.121382	-0.0889428	-0.256436	
4.62	0.0199692	0.219849	0.12279	-0.0869596	-0.254547	
4.63	0.0177745	0.219089	0.124184	-0.0849812	-0.252665	
4.64	0.0155875	0.218312	0.125563	-0.0830076	-0.25079	
4.65	0.0134083	0.217519	0.126926	-0.0810388	-0.24892	
4.66	0.0112371	0.216709	0.128275	-0.0790748	-0.247057	
4.67	0.00907415	0.215883	0.129609	-0.0771158	-0.2452	
4.68	0.00691951	0.215042	0.130928	-0.0751616	-0.243349	
4.69	0.00477337	0.214184	0.132231	-0.0732124	-0.241504	
4.7	0.00263589	0.21331	0.13352	-0.0712682	-0.239664	
4.71	0.000507214	0.212421	0.134793	-0.069329	-0.23783	
4.72	-0.00161249	0.211517	0.136051	-0.0673948	-0.236001	
4.73	-0.00372307	0.210597	0.137294	-0.0654657	-0.234178	
4.74	-0.00582437	0.209661	0.138521	-0.0635417	-0.232359	
4.75	-0.00791624	0.208711	0.139734	-0.0616228	-0.230546	
4.76	-0.00999854	0.207745	0.140931	-0.0597092	-0.228738	
4.77	-0.0120711	0.206765	0.142112	-0.0578007	-0.226935	
4.78	-0.0141338	0.20577	0.143278	-0.0558975	-0.225137	
4.79	-0.0161865	0.204761	0.144429	-0.0539996	-0.223343	
4.8	-0.018229	0.203737	0.145564	-0.0521071	-0.221554	
4.81	-0.0202611	0.202698	0.146684	-0.0502199	-0.219769	
4.82	-0.0222829	0.201646	0.147789	-0.0483382	-0.217989	
4.83	-0.024294	0.200579	0.148877	-0.0464619	-0.216213	
4.84	-0.0262944	0.199499	0.149951	-0.0445911	-0.214442	
4.85	-0.0282839	0.198405	0.151008	-0.0427258	-0.212675	
4.86	-0.0302625	0.197297	0.152051	-0.0408662	-0.210911	
4.87	-0.0322298	0.196176	0.153077	-0.0390121	-0.209152	
4.88	-0.0341859	0.195041	0.154088	-0.0371638	-0.207397	
4.89	-0.0361306	0.193893	0.155084	-0.0353211	-0.205645	
4.9	-0.0380637	0.192732	0.156063	-0.0334843	-0.203898	
4.91	-0.0399852	0.191559	0.157027	-0.0316532	-0.202154	
4.92	-0.0418949	0.190372	0.157975	-0.029828	-0.200414	
4.93	-0.0437926	0.189173	0.158908	-0.0280087	-0.198677	
4.94	-0.0456783	0.187962	0.159825	-0.0261954	-0.196944	
4.95	-0.0475518	0.186738	0.160726	-0.024388	-0.195214	
4.96	-0.049413	0.185502	0.161612	-0.0225867	-0.193488	
4.97	-0.0512618	0.184253	0.162481	-0.0207915	-0.191765	
4.98	-0.053098	0.182993	0.163335	-0.0190024	-0.190045	
4.99	-0.0549216	0.181722	0.164173	-0.0172195	-0.188329	
5	-0.0567324	0.180438	0.164995	-0.0154429	-0.186616	
5.01	-0.0585304	0.179144	0.165802	-0.0136726	-0.184905	
5.02	-0.0603153	0.177838	0.166593	-0.0119086	-0.183198	
5.03	-0.0620871	0.17652	0.167368	-0.010151	-0.181494	
5.04	-0.0638456	0.175192	0.168127	-0.00839978	-0.179793	
5.05	-0.0655909	0.173853	0.16887	-0.00665511	-0.178095	
5.06	-0.0673227	0.172503	0.169597	-0.00491697	-0.176399	
5.07	-0.0690409	0.171143	0.170309	-0.00318544	-0.174707	
5.08	-0.0707455	0.169772	0.171005	-0.00146055	-0.173017	
5.09	-0.0724363	0.168391	0.171685	0.00025764	-0.17133	
5.1	-0.0741133	0.167	0.172349	0.00196908	-0.169646	
5.11	-0.0757763	0.165599	0.172997	0.00367371	-0.167965	
5.12	-0.0774252	0.164189	0.173629	0.00537149	-0.166286	
5.13	-0.07906	0.162768	0.174246	0.00706235	-0.164609	
5.14	-0.0806806	0.161338	0.174847	0.00874625	-0.162936	
5.15	-0.0822868	0.159899	0.175432	0.0104231	-0.161264	
5.16	-0.0838785	0.158451	0.176001	0.012093	-0.159596	
5.17	-0.0854557	0.156993	0.176554	0.0137557	-0.15793	
5.18	-0.0870184	0.155527	0.177092	0.0154112	-0.156266	
5.19	-0.0885663	0.154052	0.177614	0.0170595	-0.154605	
5.2	-0.0900994	0.152568	0.17812	0.0187005	-0.152946	
5.21	-0.0916176	0.151076	0.17861	0.0203341	-0.151289	
5.22	-0.0931209	0.149576	0.179084	0.0219604	-0.149635	
5.23	-0.0946091	0.148068	0.179543	0.0235792	-0.147984	
5.24	-0.0960822	0.146552	0.179986	0.0251906	-0.146334	
5.25	-0.0975401	0.145028	0.180413	0.0267944	-0.144687	
5.26	-0.0989827	0.143496	0.180824	0.0283905	-0.143042	
5.27	-0.10041	0.141957	0.18122	0.029979	-0.1414	
5.28	-0.101822	0.14041	0.1816	0.0315598	-0.13976	
5.29	-0.103218	0.138857	0.181965	0.0331328	-0.138122	
5.3	-0.104599	0.137296	0.182314	0.034698	-0.136486	
5.31	-0.105964	0.135728	0.182647	0.0362553	-0.134853	
5.32	-0.107313	0.134154	0.182964	0.0378047	-0.133221	
5.33	-0.108647	0.132574	0.183266	0.0393461	-0.131592	
5.34	-0.109965	0.130986	0.183553	0.0408795	-0.129965	
5.35	-0.111267	0.129393	0.183824	0.0424047	-0.128341	
5.36	-0.112553	0.127794	0.184079	0.0439218	-0.126719	
5.37	-0.113823	0.126188	0.184319	0.0454308	-0.125098	
5.38	-0.115077	0.124577	0.184543	0.0469314	-0.12348	
5.39	-0.116314	0.122961	0.184752	0.0484237	-0.121865	
5.4	-0.117536	0.121339	0.184946	0.0499077	-0.120251	
5.41	-0.118741	0.119711	0.185124	0.0513833	-0.118639	
5.42	-0.11993	0.118079	0.185287	0.0528504	-0.11703	
5.43	-0.121103	0.116441	0.185435	0.0543089	-0.115423	
5.44	-0.122259	0.114799	0.185567	0.0557589	-0.113818	
5.45	-0.123398	0.113152	0.185684	0.0572003	-0.112216	
5.46	-0.124522	0.111501	0.185786	0.0586329	-0.110615	
5.47	-0.125628	0.109845	0.185872	0.0600569	-0.109017	
5.48	-0.126719	0.108185	0.185944	0.061472	-0.107421	
5.49	-0.127792	0.106521	0.186	0.0628783	-0.105828	
5.5	-0.128849	0.104853	0.186042	0.0642757	-0.104236	
5.51	-0.129889	0.103181	0.186068	0.0656642	-0.102647	
5.52	-0.130913	0.101506	0.186079	0.0670437	-0.10106	
5.53	-0.131919	0.0998276	0.186075	0.0684141	-0.0994752	
5.54	-0.132909	0.0981458	0.186057	0.0697755	-0.0978928	
5.55	-0.133882	0.0964608	0.186023	0.0711277	-0.0963127	
5.56	-0.134838	0.094773	0.185975	0.0724707	-0.0947349	
5.57	-0.135778	0.0930823	0.185912	0.0738044	-0.0931594	
5.58	-0.1367	0.091389	0.185834	0.0751289	-0.0915863	
5.59	-0.137605	0.0896932	0.185741	0.0764439	-0.0900155	
5.6	-0.138494	0.0879951	0.185634	0.0777497	-0.0884471	
5.61	-0.139365	0.0862949	0.185512	0.0790459	-0.0868811	
5.62	-0.14022	0.0845926	0.185376	0.0803327	-0.0853175	
5.63	-0.141057	0.0828884	0.185225	0.0816099	-0.0837563	
5.64	-0.141878	0.0811826	0.18506	0.0828775	-0.0821976	
5.65	-0.142681	0.0794752	0.18488	0.0841355	-0.0806414	
5.66	-0.143467	0.0777664	0.184686	0.0853838	-0.0790876	
5.67	-0.144236	0.0760563	0.184478	0.0866224	-0.0775364	
5.68	-0.144988	0.0743451	0.184255	0.0878511	-0.0759877	
5.69	-0.145723	0.072633	0.184018	0.0890701	-0.0744416	
5.7	-0.146441	0.0709201	0.183767	0.0902792	-0.072898	
5.71	-0.147141	0.0692066	0.183502	0.0914784	-0.0713571	
5.72	-0.147825	0.0674925	0.183223	0.0926676	-0.0698188	
5.73	-0.148491	0.0657782	0.18293	0.0938468	-0.0682831	
5.74	-0.149141	0.0640636	0.182623	0.0950159	-0.0667502	
5.75	-0.149773	0.062349	0.182302	0.0961749	-0.0652199	
5.76	-0.150388	0.0606344	0.181968	0.0973238	-0.0636924	
5.77	-0.150985	0.0589202	0.18162	0.0984626	-0.0621677	
5.78	-0.151566	0.0572063	0.181258	0.0995911	-0.0606458	
5.79	-0.152129	0.055493	0.180882	0.100709	-0.0591267	
5.8	-0.152676	0.0537804	0.180493	0.101817	-0.0576104	
5.81	-0.153205	0.0520687	0.180091	0.102915	-0.056097	
5.82	-0.153717	0.0503579	0.179675	0.104002	-0.0545866	
5.83	-0.154212	0.0486483	0.179246	0.105079	-0.0530791	
5.84	-0.15469	0.0469399	0.178803	0.106145	-0.0515746	
5.85	-0.155151	0.045233	0.178347	0.107201	-0.0500731	
5.86	-0.155595	0.0435277	0.177879	0.108246	-0.0485746	
5.87	-0.156022	0.041824	0.177397	0.10928	-0.0470793	
5.88	-0.156431	0.0401223	0.176902	0.110304	-0.045587	
5.89	-0.156824	0.0384225	0.176394	0.111318	-0.0440979	
5.9	-0.1572	0.0367249	0.175873	0.11232	-0.042612	
5.91	-0.157559	0.0350296	0.17534	0.113312	-0.0411293	
5.92	-0.1579	0.0333367	0.174794	0.114293	-0.0396498	
5.93	-0.158225	0.0316464	0.174235	0.115264	-0.0381736	
5.94	-0.158533	0.0299588	0.173664	0.116223	-0.0367008	
5.95	-0.158824	0.028274	0.17308	0.117172	-0.0352313	
5.96	-0.159099	0.0265922	0.172484	0.118109	-0.0337653	
5.97	-0.159356	0.0249136	0.171876	0.119036	-0.0323026	
5.98	-0.159597	0.0232382	0.171255	0.119952	-0.0308435	
5.99	-0.159821	0.0215663	0.170622	0.120856	-0.0293878	
6	-0.160028	0.0198979	0.169977	0.12175	-0.0279358	
6.01	-0.160219	0.0182331	0.16932	0.122632	-0.0264873	
6.02	-0.160393	0.0165722	0.168652	0.123504	-0.0250424	
6.03	-0.16055	0.0149152	0.167971	0.124364	-0.0236012	
6.04	-0.160691	0.0132623	0.167279	0.125213	-0.0221637	
6.05	-0.160816	0.0116136	0.166575	0.126051	-0.02073	
6.06	-0.160924	0.00996921	0.165859	0.126878	-0.0193001	
6.07	-0.161015	0.00832933	0.165132	0.127694	-0.017874	
6.08	-0.16109	0.00669406	0.164393	0.128498	-0.0164518	
6.09	-0.161149	0.00506353	0.163643	0.129291	-0.0150334	
6.1	-0.161192	0.00343786	0.162882	0.130072	-0.0136191	
6.11	-0.161218	0.00181719	0.16211	0.130842	-0.0122087	
6.12	-0.161228	0.000201651	0.161327	0.131601	-0.0108024	
6.13	-0.161222	-0.00140864	0.160532	0.132349	-0.00940023	
6.14	-0.1612	-0.00301355	0.159727	0.133085	-0.00800214	
6.15	-0.161162	-0.00461296	0.158911	0.133809	-0.00660822	
6.16	-0.161108	-0.00620674	0.158085	0.134522	-0.00521852	
6.17	-0.161038	-0.00779477	0.157248	0.135224	-0.00383307	
6.18	-0.160952	-0.00937692	0.1564	0.135914	-0.00245193	
6.19	-0.16085	-0.0109531	0.155542	0.136592	-0.00107513	
6.2	-0.160733	-0.0125231	0.154673	0.137259	0.000297272	
6.21	-0.1606	-0.0140869	0.153794	0.137915	0.00166524	
6.22	-0.160451	-0.0156443	0.152905	0.138559	0.00302874	
6.23	-0.160287	-0.0171953	0.152006	0.139191	0.00438771	
6.24	-0.160107	-0.0187396	0.151098	0.139811	0.00574211	
6.25	-0.159912	-0.0202772	0.150179	0.14042	0.0070919	
6.26	-0.159701	-0.021808	0.14925	0.141018	0.00843703	
6.27	-0.159476	-0.0233319	0.148312	0.141603	0.00977746	
6.28	-0.159235	-0.0248487	0.147364	0.142177	0.0111131	
6.29	-0.158979	-0.0263583	0.146407	0.142739	0.012444	
6.3	-0.158708	-0.0278606	0.145441	0.14329	0.0137701	
6.31	-0.158422	-0.0293555	0.144465	0.143829	0.0150912	
6.32	-0.158121	-0.0308429	0.14348	0.144356	0.0164075	
6.33	-0.157805	-0.0323227	0.142486	0.144871	0.0177187	
6.34	-0.157474	-0.0337947	0.141483	0.145374	0.0190249	
6.35	-0.157129	-0.0352589	0.140471	0.145866	0.0203261	
6.36	-0.156769	-0.0367151	0.139451	0.146346	0.0216222	
6.37	-0.156395	-0.0381633	0.138421	0.146814	0.022913	
6.38	-0.156006	-0.0396033	0.137384	0.147271	0.0241987	
6.39	-0.155603	-0.0410351	0.136337	0.147715	0.0254792	
6.4	-0.155185	-0.0424585	0.135283	0.148148	0.0267543	
6.41	-0.154753	-0.0438734	0.13422	0.148569	0.0280241	
6.42	-0.154308	-0.0452797	0.133149	0.148978	0.0292885	
6.43	-0.153848	-0.0466774	0.13207	0.149376	0.0305474	
6.44	-0.153374	-0.0480663	0.130983	0.149761	0.0318009	
6.45	-0.152887	-0.0494463	0.129888	0.150135	0.0330488	
6.46	-0.152385	-0.0508174	0.128786	0.150497	0.0342912	
6.47	-0.15187	-0.0521793	0.127676	0.150847	0.0355279	
6.48	-0.151342	-0.0535321	0.126558	0.151185	0.036759	
6.49	-0.1508	-0.0548757	0.125433	0.151512	0.0379843	
6.5	-0.150244	-0.0562099	0.124301	0.151826	0.0392039	
6.51	-0.149676	-0.0575346	0.123162	0.152129	0.0404177	
6.52	-0.149094	-0.0588498	0.122015	0.15242	0.0416256	
6.53	-0.148499	-0.0601554	0.120862	0.152699	0.0428277	
6.54	-0.147891	-0.0614513	0.119702	0.152966	0.0440237	
6.55	-0.14727	-0.0627374	0.118535	0.153222	0.0452138	
6.56	-0.146636	-0.0640135	0.117361	0.153466	0.0463979	
6.57	-0.145989	-0.0652797	0.116181	0.153698	0.0475758	
6.58	-0.14533	-0.0665359	0.114995	0.153918	0.0487477	
6.59	-0.144659	-0.0677818	0.113802	0.154126	0.0499133	
6.6	-0.143975	-0.0690176	0.112603	0.154323	0.0510728	
6.61	-0.143278	-0.070243	0.111398	0.154508	0.052226	
6.62	-0.14257	-0.071458	0.110187	0.154681	0.0533728	
6.63	-0.141849	-0.0726626	0.10897	0.154842	0.0545133	
6.64	-0.141117	-0.0738566	0.107748	0.154992	0.0556474	
6.65	-0.140372	-0.07504	0.106519	0.15513	0.0567751	
6.66	-0.139616	-0.0762127	0.105286	0.155256	0.0578962	
6.67	-0.138848	-0.0773746	0.104047	0.155371	0.0590109	
6.68	-0.138068	-0.0785256	0.102802	0.155473	0.0601189	
6.69	-0.137277	-0.0796657	0.101553	0.155565	0.0612203	
6.7	-0.136475	-0.0807948	0.100298	0.155644	0.0623151	
6.71	-0.135662	-0.0819128	0.0990388	0.155712	0.0634031	
6.72	-0.134837	-0.0830197	0.0977745	0.155769	0.0644844	
6.73	-0.134001	-0.0841154	0.0965055	0.155813	0.0655589	
6.74	-0.133155	-0.0851997	0.0952319	0.155847	0.0666265	
6.75	-0.132297	-0.0862728	0.0939538	0.155868	0.0676873	
6.76	-0.131429	-0.0873344	0.0926713	0.155878	0.0687411	
6.77	-0.130551	-0.0883846	0.0913846	0.155877	0.069788	
6.78	-0.129662	-0.0894232	0.0900938	0.155864	0.0708278	
6.79	-0.128762	-0.0904502	0.0887989	0.15584	0.0718606	
6.8	-0.127853	-0.0914656	0.0875001	0.155804	0.0728863	
6.81	-0.126933	-0.0924692	0.0861976	0.155757	0.0739048	
6.82	-0.126003	-0.0934611	0.0848913	0.155698	0.0749161	
6.83	-0.125064	-0.0944411	0.0835815	0.155628	0.0759203	
6.84	-0.124114	-0.0954092	0.0822683	0.155547	0.0769171	
6.85	-0.123156	-0.0963654	0.0809517	0.155454	0.0779067	
6.86	-0.122187	-0.0973096	0.079632	0.15535	0.0788889	
6.87	-0.121209	-0.0982417	0.0783091	0.155235	0.0798637	
6.88	-0.120222	-0.0991618	0.0769832	0.155109	0.0808311	
6.89	-0.119226	-0.10007	0.0756545	0.154971	0.081791	
6.9	-0.118221	-0.100965	0.0743231	0.154823	0.0827434	
6.91	-0.117207	-0.101849	0.072989	0.154663	0.0836882	
6.92	-0.116184	-0.10272	0.0716524	0.154492	0.0846255	
6.93	-0.115153	-0.103579	0.0703133	0.15431	0.0855551	
6.94	-0.114113	-0.104425	0.068972	0.154117	0.0864771	
6.95	-0.113064	-0.105259	0.0676286	0.153913	0.0873914	
6.96	-0.112007	-0.106081	0.0662831	0.153698	0.0882979	
6.97	-0.110943	-0.10689	0.0649356	0.153472	0.0891967	
6.98	-0.10987	-0.107686	0.0635863	0.153235	0.0900876	
6.99	-0.108789	-0.10847	0.0622353	0.152987	0.0909707	
7	-0.1077	-0.109241	0.0608828	0.152729	0.0918459	
7.01	-0.106604	-0.11	0.0595287	0.152459	0.0927132	
7.02	-0.1055	-0.110745	0.0581733	0.152179	0.0935725	
7.03	-0.104389	-0.111479	0.0568166	0.151889	0.0944238	
7.04	-0.103271	-0.112199	0.0554588	0.151587	0.0952671	
7.05	-0.102145	-0.112906	0.0541	0.151275	0.0961023	
7.06	-0.101013	-0.113601	0.0527403	0.150953	0.0969295	
7.07	-0.0998733	-0.114283	0.0513798	0.15062	0.0977484	
7.08	-0.0987271	-0.114952	0.0500187	0.150276	0.0985593	
7.09	-0.0975743	-0.115608	0.0486569	0.149922	0.0993619	
7.1	-0.096415	-0.116251	0.0472948	0.149557	0.100156	
7.11	-0.0952493	-0.116881	0.0459323	0.149183	0.100942	
7.12	-0.0940774	-0.117499	0.0445696	0.148798	0.10172	
7.13	-0.0928994	-0.118103	0.0432067	0.148402	0.10249	
7.14	-0.0917154	-0.118694	0.0418439	0.147997	0.103251	
7.15	-0.0905256	-0.119272	0.0404813	0.147581	0.104003	
7.16	-0.08933	-0.119837	0.0391188	0.147155	0.104748	
7.17	-0.0881289	-0.120389	0.0377568	0.146719	0.105484	
7.18	-0.0869223	-0.120928	0.0363951	0.146273	0.106211	
7.19	-0.0857104	-0.121454	0.0350341	0.145817	0.10693	
7.2	-0.0844932	-0.121967	0.0336737	0.145351	0.10764	
7.21	-0.0832711	-0.122466	0.0323142	0.144876	0.108342	
7.22	-0.082044	-0.122953	0.0309555	0.14439	0.109035	
7.23	-0.080812	-0.123426	0.0295979	0.143895	0.109719	
7.24	-0.0795755	-0.123886	0.0282414	0.14339	0.110395	
7.25	-0.0783344	-0.124333	0.0268862	0.142875	0.111062	
7.26	-0.0770889	-0.124767	0.0255323	0.142351	0.111721	
7.27	-0.0758391	-0.125187	0.0241799	0.141817	0.112371	
7.28	-0.0745852	-0.125595	0.022829	0.141274	0.113012	
7.29	-0.0733272	-0.125989	0.0214798	0.140722	0.113644	
7.3	-0.0720654	-0.12637	0.0201325	0.14016	0.114267	
7.31	-0.0707999	-0.126738	0.018787	0.139588	0.114882	
7.32	-0.0695307	-0.127093	0.0174436	0.139008	0.115487	
7.33	-0.0682581	-0.127434	0.0161022	0.138418	0.116084	
7.34	-0.0669821	-0.127762	0.0147631	0.137819	0.116672	
7.35	-0.0657028	-0.128077	0.0134263	0.137211	0.117251	
7.36	-0.0644206	-0.128379	0.012092	0.136594	0.117821	
7.37	-0.0631353	-0.128668	0.0107602	0.135968	0.118382	
7.38	-0.0618472	-0.128944	0.00943106	0.135333	0.118934	
7.39	-0.0605565	-0.129206	0.00810468	0.13469	0.119477	
7.4	-0.0592632	-0.129456	0.00678116	0.134037	0.120011	
7.41	-0.0579674	-0.129692	0.00546062	0.133376	0.120536	
7.42	-0.0566694	-0.129915	0.00414315	0.132707	0.121052	
7.43	-0.0553692	-0.130125	0.00282885	0.132028	0.121559	
7.44	-0.0540669	-0.130322	0.00151784	0.131342	0.122056	
7.45	-0.0527628	-0.130505	0.000210213	0.130647	0.122545	
7.46	-0.0514568	-0.130676	-0.00109393	0.129943	0.123024	
7.47	-0.0501493	-0.130834	-0.00239448	0.129231	0.123495	
7.48	-0.0488402	-0.130979	-0.00369134	0.128511	0.123956	
7.49	-0.0475298	-0.13111	-0.00498441	0.127783	0.124408	
7.5	-0.046218	-0.131229	-0.00627359	0.127047	0.12485	
7.51	-0.0449052	-0.131335	-0.00755877	0.126302	0.125284	
7.52	-0.0435914	-0.131428	-0.00883986	0.12555	0.125708	
7.53	-0.0422767	-0.131508	-0.0101168	0.12479	0.126123	
7.54	-0.0409613	-0.131575	-0.0113894	0.124022	0.126529	
7.55	-0.0396453	-0.131629	-0.0126576	0.123246	0.126926	
7.56	-0.0383287	-0.13167	-0.0139213	0.122463	0.127313	
7.57	-0.0370119	-0.131699	-0.0151805	0.121672	0.127691	
7.58	-0.0356948	-0.131715	-0.0164349	0.120874	0.12806	
7.59	-0.0343776	-0.131718	-0.0176846	0.120068	0.128419	
7.6	-0.0330605	-0.131708	-0.0189295	0.119254	0.128769	
7.61	-0.0317435	-0.131686	-0.0201693	0.118434	0.12911	
7.62	-0.0304268	-0.131651	-0.0214041	0.117606	0.129441	
7.63	-0.0291106	-0.131603	-0.0226338	0.116771	0.129763	
7.64	-0.0277948	-0.131543	-0.0238582	0.115929	0.130076	
7.65	-0.0264797	-0.13147	-0.0250772	0.11508	0.130379	
7.66	-0.0251655	-0.131385	-0.0262909	0.114224	0.130673	
7.67	-0.0238521	-0.131288	-0.027499	0.113361	0.130958	
7.68	-0.0225397	-0.131177	-0.0287015	0.112492	0.131233	
7.69	-0.0212286	-0.131055	-0.0298983	0.111615	0.131499	
7.7	-0.0199187	-0.13092	-0.0310893	0.110733	0.131755	
7.71	-0.0186102	-0.130773	-0.0322744	0.109843	0.132002	
7.72	-0.0173033	-0.130614	-0.0334535	0.108947	0.13224	
7.73	-0.015998	-0.130443	-0.0346266	0.108045	0.132468	
7.74	-0.0146944	-0.130259	-0.0357936	0.107137	0.132687	
7.75	-0.0133928	-0.130063	-0.0369543	0.106222	0.132897	
7.76	-0.0120932	-0.129856	-0.0381087	0.105301	0.133097	
7.77	-0.0107957	-0.129636	-0.0392567	0.104374	0.133288	
7.78	-0.00950054	-0.129404	-0.0403983	0.103441	0.133469	
7.79	-0.0082077	-0.129161	-0.0415332	0.102503	0.133641	
7.8	-0.00691736	-0.128905	-0.0426616	0.101558	0.133803	
7.81	-0.00562964	-0.128638	-0.0437832	0.100608	0.133957	
7.82	-0.00434464	-0.128359	-0.0448979	0.0996519	0.1341	
7.83	-0.00306249	-0.128068	-0.0460058	0.0986904	0.134235	
7.84	-0.00178331	-0.127766	-0.0471067	0.0977235	0.13436	
7.85	-0.000507213	-0.127452	-0.0482006	0.0967511	0.134475	
7.86	0.000765691	-0.127127	-0.0492873	0.0957735	0.134582	
7.87	0.00203528	-0.12679	-0.0503669	0.0947906	0.134679	
7.88	0.00330145	-0.126442	-0.0514391	0.0938026	0.134766	
7.89	0.00456408	-0.126082	-0.052504	0.0928095	0.134845	
7.9	0.00582305	-0.125711	-0.0535615	0.0918115	0.134913	
7.91	0.00707826	-0.125329	-0.0546114	0.0908086	0.134973	
7.92	0.0083296	-0.124936	-0.0556538	0.0898009	0.135023	
7.93	0.00957694	-0.124532	-0.0566885	0.0887885	0.135064	
7.94	0.0108202	-0.124116	-0.0577155	0.0877714	0.135096	
7.95	0.0120592	-0.12369	-0.0587347	0.0867498	0.135118	
7.96	0.013294	-0.123253	-0.059746	0.0857238	0.135131	
7.97	0.0145242	-0.122805	-0.0607493	0.0846934	0.135135	
7.98	0.01575	-0.122346	-0.0617447	0.0836587	0.13513	
7.99	0.0169711	-0.121876	-0.062732	0.0826199	0.135115	
8	0.0181875	-0.121396	-0.0637111	0.0815769	0.135091	
8.01	0.019399	-0.120906	-0.0646821	0.0805299	0.135058	
8.02	0.0206056	-0.120405	-0.0656447	0.079479	0.135015	
8.03	0.0218071	-0.119893	-0.066599	0.0784242	0.134964	
8.04	0.0230034	-0.119371	-0.0675449	0.0773657	0.134903	
8.05	0.0241945	-0.118839	-0.0684824	0.0763035	0.134833	
8.06	0.0253802	-0.118297	-0.0694113	0.0752378	0.134754	
8.07	0.0265604	-0.117745	-0.0703316	0.0741686	0.134666	
8.08	0.027735	-0.117182	-0.0712432	0.0730959	0.134569	
8.09	0.028904	-0.11661	-0.0721462	0.07202	0.134463	
8.1	0.0300672	-0.116027	-0.0730403	0.0709409	0.134347	
8.11	0.0312245	-0.115435	-0.0739257	0.0698586	0.134223	
8.12	0.0323759	-0.114834	-0.0748021	0.0687733	0.134089	
8.13	0.0335211	-0.114222	-0.0756696	0.067685	0.133947	
8.14	0.0346603	-0.113601	-0.0765281	0.0665939	0.133796	
8.15	0.0357931	-0.112971	-0.0773775	0.0655	0.133635	
8.16	0.0369197	-0.112331	-0.0782178	0.0644034	0.133466	
8.17	0.0380397	-0.111682	-0.079049	0.0633043	0.133288	
8.18	0.0391533	-0.111023	-0.0798709	0.0622026	0.133101	
8.19	0.0402602	-0.110356	-0.0806836	0.0610985	0.132905	
8.2	0.0413603	-0.109679	-0.0814869	0.0599921	0.1327	
8.21	0.0424537	-0.108994	-0.0822809	0.0588835	0.132486	
8.22	0.0435402	-0.108299	-0.0830655	0.0577728	0.132264	
8.23	0.0446197	-0.107596	-0.0838405	0.05666	0.132033	
8.24	0.0456921	-0.106884	-0.0846061	0.0555452	0.131793	
8.25	0.0467573	-0.106163	-0.0853621	0.0544286	0.131544	
8.26	0.0478153	-0.105434	-0.0861086	0.0533102	0.131287	
8.27	0.048866	-0.104696	-0.0868453	0.0521902	0.131021	
8.28	0.0499092	-0.10395	-0.0875724	0.0510685	0.130746	
8.29	0.050945	-0.103196	-0.0882897	0.0499453	0.130463	
8.3	0.0519731	-0.102434	-0.0889973	0.0488207	0.130171	
8.31	0.0529936	-0.101663	-0.089695	0.0476949	0.129871	
8.32	0.0540063	-0.100884	-0.0903829	0.0465677	0.129563	
8.33	0.0550113	-0.100098	-0.0910609	0.0454395	0.129245	
8.34	0.0560083	-0.0993035	-0.091729	0.0443101	0.12892	
8.35	0.0569973	-0.0985015	-0.0923871	0.0431799	0.128586	
8.36	0.0579783	-0.0976918	-0.0930351	0.0420487	0.128243	
8.37	0.0589511	-0.0968745	-0.0936732	0.0409168	0.127893	
8.38	0.0599157	-0.0960498	-0.0943011	0.0397842	0.127534	
8.39	0.0608721	-0.0952177	-0.094919	0.038651	0.127167	
8.4	0.0618201	-0.0943784	-0.0955267	0.0375173	0.126791	
8.41	0.0627596	-0.093532	-0.0961242	0.0363832	0.126407	
8.42	0.0636907	-0.0926784	-0.0967115	0.0352488	0.126016	
8.43	0.0646132	-0.0918179	-0.0972886	0.0341141	0.125616	
8.44	0.065527	-0.0909505	-0.0978554	0.0329793	0.125208	
8.45	0.0664322	-0.0900763	-0.0984119	0.0318444	0.124792	
8.46	0.0673285	-0.0891955	-0.0989581	0.0307096	0.124368	
8.47	0.0682161	-0.0883081	-0.099494	0.0295749	0.123936	
8.48	0.0690947	-0.0874142	-0.100019	0.0284404	0.123496	
8.49	0.0699643	-0.0865139	-0.100535	0.0273062	0.123049	
8.5	0.0708249	-0.0856073	-0.101039	0.0261724	0.122593	
8.51	0.0716764	-0.0846946	-0.101534	0.0250391	0.12213	
8.52	0.0725188	-0.0837757	-0.102017	0.0239064	0.121659	
8.53	0.0733519	-0.0828509	-0.102491	0.0227744	0.12118	
8.54	0.0741758	-0.0819202	-0.102953	0.021643	0.120694	
8.55	0.0749903	-0.0809837	-0.103406	0.0205126	0.1202	
8.56	0.0757955	-0.0800416	-0.103847	0.019383	0.119698	
8.57	0.0765911	-0.0790938	-0.104279	0.0182545	0.119189	
8.58	0.0773773	-0.0781406	-0.104699	0.0171271	0.118672	
8.59	0.0781539	-0.077182	-0.105109	0.0160009	0.118148	
8.6	0.0789209	-0.0762182	-0.105509	0.0148759	0.117617	
8.61	0.0796783	-0.0752491	-0.105897	0.0137523	0.117078	
8.62	0.0804259	-0.074275	-0.106276	0.0126302	0.116532	
8.63	0.0811638	-0.073296	-0.106643	0.0115096	0.115979	
8.64	0.0818918	-0.0723121	-0.107	0.0103907	0.115419	
8.65	0.08261	-0.0713234	-0.107346	0.00927345	0.114851	
8.66	0.0833183	-0.0703301	-0.107682	0.00815801	0.114276	
8.67	0.0840166	-0.0693322	-0.108007	0.00704447	0.113695	
8.68	0.0847049	-0.0683299	-0.108321	0.0059329	0.113106	
8.69	0.0853832	-0.0673233	-0.108625	0.00482339	0.11251	
8.7	0.0860513	-0.0663124	-0.108918	0.00371603	0.111908	
8.71	0.0867094	-0.0652974	-0.1092	0.0026109	0.111298	
8.72	0.0873573	-0.0642784	-0.109471	0.00150808	0.110682	
8.73	0.0879949	-0.0632554	-0.109732	0.000407663	0.110059	
8.74	0.0886224	-0.0622287	-0.109982	-0.000690271	0.109429	
8.75	0.0892395	-0.0611982	-0.110222	-0.00178564	0.108793	
8.76	0.0898463	-0.0601642	-0.11045	-0.00287835	0.10815	
8.77	0.0904428	-0.0591266	-0.110669	-0.00396833	0.107501	
8.78	0.0910288	-0.0580857	-0.110876	-0.0050555	0.106845	
8.79	0.0916045	-0.0570414	-0.111073	-0.00613976	0.106183	
8.8	0.0921697	-0.055994	-0.111259	-0.00722104	0.105515	
8.81	0.0927244	-0.0549436	-0.111434	-0.00829926	0.10484	
8.82	0.0932685	-0.0538901	-0.111598	-0.00937433	0.104159	
8.83	0.0938021	-0.0528338	-0.111752	-0.0104462	0.103471	
8.84	0.0943252	-0.0517748	-0.111896	-0.0115147	0.102778	
8.85	0.0948376	-0.0507131	-0.112029	-0.0125799	0.102078	
8.86	0.0953394	-0.0496489	-0.112151	-0.0136415	0.101373	
8.87	0.0958306	-0.0485822	-0.112262	-0.0146997	0.100661	
8.88	0.0963111	-0.0475132	-0.112363	-0.0157542	0.099944	
8.89	0.0967809	-0.046442	-0.112453	-0.016805	0.0992208	
8.9	0.0972399	-0.0453686	-0.112533	-0.017852	0.0984918	
8.91	0.0976882	-0.0442933	-0.112602	-0.0188951	0.0977571	
8.92	0.0981258	-0.0432161	-0.11266	-0.0199343	0.0970168	
8.93	0.0985525	-0.042137	-0.112708	-0.0209695	0.0962708	
8.94	0.0989685	-0.0410563	-0.112746	-0.0220006	0.0955194	
8.95	0.0993737	-0.039974	-0.112773	-0.0230275	0.0947624	
8.96	0.099768	-0.0388902	-0.112789	-0.0240502	0.094	
8.97	0.100151	-0.0378051	-0.112795	-0.0250686	0.0932323	
8.98	0.100524	-0.0367186	-0.112791	-0.0260825	0.0924593	
8.99	0.100886	-0.0356311	-0.112776	-0.027092	0.0916811	
9	0.101237	-0.0345424	-0.112751	-0.0280969	0.0908977	
9.01	0.101577	-0.0334528	-0.112715	-0.0290972	0.0901092	
9.02	0.101906	-0.0323624	-0.112669	-0.0300929	0.0893156	
9.03	0.102224	-0.0312712	-0.112613	-0.0310837	0.0885171	
9.04	0.102531	-0.0301794	-0.112546	-0.0320697	0.0877137	
9.05	0.102828	-0.0290871	-0.11247	-0.0330508	0.0869055	
9.06	0.103113	-0.0279944	-0.112383	-0.0340269	0.0860925	
9.07	0.103387	-0.0269013	-0.112285	-0.034998	0.0852747	
9.08	0.103651	-0.025808	-0.112178	-0.0359639	0.0844523	
9.09	0.103904	-0.0247146	-0.11206	-0.0369246	0.0836254	
9.1	0.104145	-0.0236212	-0.111932	-0.0378801	0.0827939	
9.11	0.104376	-0.0225279	-0.111795	-0.0388303	0.081958	
9.12	0.104596	-0.0214348	-0.111647	-0.039775	0.0811177	
9.13	0.104805	-0.020342	-0.111489	-0.0407143	0.080273	
9.14	0.105003	-0.0192496	-0.111321	-0.041648	0.0794242	
9.15	0.10519	-0.0181578	-0.111143	-0.0425761	0.0785711	
9.16	0.105366	-0.0170665	-0.110955	-0.0434986	0.077714	
9.17	0.105531	-0.015976	-0.110758	-0.0444153	0.0768528	
9.18	0.105685	-0.0148862	-0.11055	-0.0453262	0.0759876	
9.19	0.105829	-0.0137974	-0.110333	-0.0462313	0.0751185	
9.2	0.105961	-0.0127096	-0.110106	-0.0471304	0.0742456	
9.21	0.106083	-0.011623	-0.109869	-0.0480236	0.0733689	
9.22	0.106194	-0.0105375	-0.109622	-0.0489106	0.0724885	
9.23	0.106294	-0.00945341	-0.109366	-0.0497916	0.0716045	
9.24	0.106383	-0.00837072	-0.109101	-0.0506664	0.0707169	
9.25	0.106461	-0.00728956	-0.108825	-0.0515349	0.0698259	
9.26	0.106529	-0.00621001	-0.10854	-0.0523972	0.0689314	
9.27	0.106585	-0.00513219	-0.108246	-0.053253	0.0680336	
9.28	0.106631	-0.00405619	-0.107943	-0.0541025	0.0671324	
9.29	0.106666	-0.00298212	-0.107629	-0.0549455	0.0662281	
9.3	0.106691	-0.00191006	-0.107307	-0.0557819	0.0653207	
9.31	0.106705	-0.000840115	-0.106975	-0.0566117	0.0644101	
9.32	0.106708	0.000227613	-0.106634	-0.0574349	0.0634966	
9.33	0.1067	0.00129303	-0.106284	-0.0582514	0.0625802	
9.34	0.106682	0.00235604	-0.105925	-0.0590611	0.0616609	
9.35	0.106653	0.00341655	-0.105557	-0.059864	0.0607388	
9.36	0.106614	0.00447445	-0.105179	-0.06066	0.059814	
9.37	0.106564	0.00552966	-0.104793	-0.0614491	0.0588866	
9.38	0.106503	0.00658208	-0.104398	-0.0622312	0.0579566	
9.39	0.106432	0.00763162	-0.103994	-0.0630063	0.0570241	
9.4	0.10635	0.00867818	-0.103581	-0.0637743	0.0560892	
9.41	0.106258	0.00972167	-0.103159	-0.0645351	0.0551519	
9.42	0.106156	0.010762	-0.102729	-0.0652888	0.0542124	
9.43	0.106043	0.0117991	-0.102289	-0.0660352	0.0532707	
9.44	0.10592	0.0128328	-0.101842	-0.0667744	0.0523268	
9.45	0.105786	0.013863	-0.101385	-0.0675062	0.0513809	
9.46	0.105643	0.0148898	-0.100921	-0.0682306	0.050433	
9.47	0.105489	0.0159129	-0.100448	-0.0689476	0.0494832	
9.48	0.105324	0.0169323	-0.0999661	-0.0696571	0.0485316	
9.49	0.10515	0.0179479	-0.0994763	-0.070359	0.0475782	
9.5	0.104965	0.0189596	-0.0989782	-0.0710535	0.0466231	
9.51	0.104771	0.0199674	-0.098472	-0.0717402	0.0456663	
9.52	0.104566	0.020971	-0.0979576	-0.0724194	0.0447081	
9.53	0.104351	0.0219706	-0.0974352	-0.0730908	0.0437484	
9.54	0.104127	0.0229658	-0.0969048	-0.0737545	0.0427872	
9.55	0.103892	0.0239568	-0.0963665	-0.0744104	0.0418248	
9.56	0.103648	0.0249433	-0.0958202	-0.0750585	0.0408611	
9.57	0.103393	0.0259253	-0.0952662	-0.0756987	0.0398962	
9.58	0.103129	0.0269028	-0.0947045	-0.076331	0.0389303	
9.59	0.102855	0.0278756	-0.0941351	-0.0769554	0.0379633	
9.6	0.102572	0.0288436	-0.093558	-0.0775717	0.0369953	
9.61	0.102278	0.0298068	-0.0929735	-0.0781801	0.0360265	
9.62	0.101976	0.0307651	-0.0923814	-0.0787804	0.0350569	
9.63	0.101663	0.0317183	-0.091782	-0.0793726	0.0340865	
9.64	0.101341	0.0326665	-0.0911752	-0.0799566	0.0331155	
9.65	0.10101	0.0336096	-0.0905612	-0.0805325	0.0321439	
9.66	0.100669	0.0345474	-0.08994	-0.0811002	0.0311717	
9.67	0.100319	0.0354799	-0.0893117	-0.0816597	0.0301992	
9.68	0.0999594	0.036407	-0.0886763	-0.0822109	0.0292263	
9.69	0.0995907	0.0373286	-0.0880339	-0.0827537	0.0282531	
9.7	0.0992129	0.0382447	-0.0873846	-0.0832883	0.0272797	
9.71	0.0988259	0.0391551	-0.0867285	-0.0838145	0.0263061	
9.72	0.0984298	0.0400599	-0.0860656	-0.0843323	0.0253325	
9.73	0.0980247	0.0409589	-0.0853961	-0.0848417	0.0243589	
9.74	0.0976106	0.041852	-0.0847199	-0.0853427	0.0233853	
9.75	0.0971877	0.0427392	-0.0840372	-0.0858351	0.0224119	
9.76	0.0967559	0.0436204	-0.083348	-0.0863191	0.0214388	
9.77	0.0963153	0.0444955	-0.0826524	-0.0867946	0.0204659	
9.78	0.095866	0.0453645	-0.0819505	-0.0872615	0.0194934	
9.79	0.095408	0.0462272	-0.0812424	-0.0877198	0.0185214	
9.8	0.0949415	0.0470837	-0.0805281	-0.0881695	0.0175499	
9.81	0.0944664	0.0479339	-0.0798077	-0.0886106	0.0165789	
9.82	0.0939828	0.0487776	-0.0790813	-0.089043	0.0156087	
9.83	0.0934908	0.0496148	-0.078349	-0.0894668	0.0146392	
9.84	0.0929905	0.0504455	-0.0776108	-0.0898819	0.0136704	
9.85	0.0924819	0.0512695	-0.0768669	-0.0902883	0.0127026	
9.86	0.0919652	0.0520869	-0.0761172	-0.0906859	0.0117357	
9.87	0.0914402	0.0528975	-0.075362	-0.0910748	0.0107699	
9.88	0.0909072	0.0537013	-0.0746012	-0.0914549	0.00980515	
9.89	0.0903662	0.0544982	-0.0738349	-0.0918263	0.00884158	
9.9	0.0898173	0.0552882	-0.0730633	-0.0921889	0.00787925	
9.91	0.0892605	0.0560712	-0.0722864	-0.0925426	0.00691824	
9.92	0.0886959	0.0568471	-0.0715042	-0.0928875	0.00595861	
9.93	0.0881236	0.0576158	-0.070717	-0.0932236	0.00500045	
9.94	0.0875436	0.0583774	-0.0699247	-0.0935508	0.00404381	
9.95	0.086956	0.0591318	-0.0691274	-0.0938691	0.00308877	
9.96	0.086361	0.0598788	-0.0683252	-0.0941786	0.00213541	
9.97	0.0857585	0.0606185	-0.0675182	-0.0944792	0.00118378	
9.98	0.0851486	0.0613508	-0.0667065	-0.0947709	0.000233972	
9.99	0.0845315	0.0620756	-0.0658902	-0.0950536	-0.000713955	
10	0.0839072	0.0627928	-0.0650693	-0.0953275	-0.00165993	
10.01	0.0832757	0.0635025	-0.0642439	-0.0955924	-0.00260388	
10.02	0.0826371	0.0642046	-0.0634142	-0.0958484	-0.00354574	
10.03	0.0819916	0.0648989	-0.0625802	-0.0960954	-0.00448544	
10.04	0.0813392	0.0655856	-0.0617419	-0.0963335	-0.00542291	
10.05	0.0806799	0.0662644	-0.0608995	-0.0965627	-0.00635807	
10.06	0.0800139	0.0669354	-0.0600531	-0.0967828	-0.00729087	
10.07	0.0793412	0.0675985	-0.0592027	-0.0969941	-0.00822123	
10.08	0.078662	0.0682537	-0.0583484	-0.0971963	-0.00914909	
10.09	0.0779762	0.0689009	-0.0574903	-0.0973896	-0.0100744	
10.1	0.077284	0.0695401	-0.0566285	-0.097574	-0.010997	
10.11	0.0765854	0.0701712	-0.0557631	-0.0977494	-0.011917	
10.12	0.0758806	0.0707941	-0.0548942	-0.0979158	-0.0128341	
10.13	0.0751696	0.0714089	-0.0540218	-0.0980732	-0.0137484	
10.14	0.0744524	0.0720155	-0.0531461	-0.0982217	-0.0146598	
10.15	0.0737293	0.0726139	-0.052267	-0.0983612	-0.0155683	
10.16	0.0730002	0.0732039	-0.0513848	-0.0984918	-0.0164737	
10.17	0.0722652	0.0737857	-0.0504995	-0.0986134	-0.0173759	
10.18	0.0715245	0.074359	-0.0496112	-0.098726	-0.018275	
10.19	0.0707781	0.074924	-0.04872	-0.0988298	-0.0191709	
10.2	0.070026	0.0754805	-0.0478259	-0.0989245	-0.0200635	
10.21	0.0692685	0.0760285	-0.0469291	-0.0990104	-0.0209527	
10.22	0.0685055	0.076568	-0.0460296	-0.0990873	-0.0218384	
10.23	0.0677372	0.0770989	-0.0451275	-0.0991554	-0.0227207	
10.24	0.0669636	0.0776212	-0.044223	-0.0992145	-0.0235994	
10.25	0.0661848	0.0781349	-0.043316	-0.0992647	-0.0244745	
10.26	0.0654009	0.07864	-0.0424067	-0.099306	-0.0253459	
10.27	0.064612	0.0791364	-0.0414952	-0.0993385	-0.0262136	
10.28	0.0638182	0.079624	-0.0405816	-0.0993621	-0.0270774	
10.29	0.0630195	0.0801029	-0.0396659	-0.0993769	-0.0279374	
10.3	0.0622162	0.080573	-0.0387483	-0.0993829	-0.0287935	
10.31	0.0614081	0.0810343	-0.0378288	-0.09938	-0.0296455	
10.32	0.0605955	0.0814868	-0.0369075	-0.0993683	-0.0304935	
10.33	0.0597784	0.0819304	-0.0359845	-0.0993478	-0.0313374	
10.34	0.0589569	0.0823651	-0.0350599	-0.0993186	-0.0321771	
10.35	0.0581311	0.0827909	-0.0341338	-0.0992806	-0.0330125	
10.36	0.0573011	0.0832077	-0.0332062	-0.0992339	-0.0338437	
10.37	0.056467	0.0836156	-0.0322773	-0.0991785	-0.0346705	
10.38	0.0556289	0.0840145	-0.0313472	-0.0991143	-0.0354929	
10.39	0.0547868	0.0844044	-0.0304159	-0.0990415	-0.0363108	
10.4	0.0539408	0.0847853	-0.0294835	-0.0989601	-0.0371242	
10.41	0.0530911	0.0851571	-0.0285501	-0.09887	-0.0379331	
10.42	0.0522377	0.0855199	-0.0276158	-0.0987713	-0.0387372	
10.43	0.0513807	0.0858736	-0.0266807	-0.098664	-0.0395367	
10.44	0.0505202	0.0862182	-0.0257449	-0.0985481	-0.0403314	
10.45	0.0496564	0.0865537	-0.0248084	-0.0984237	-0.0411213	
10.46	0.0487892	0.08688	-0.0238714	-0.0982908	-0.0419064	
10.47	0.0479188	0.0871972	-0.0229339	-0.0981494	-0.0426865	
10.48	0.0470453	0.0875052	-0.0219961	-0.0979996	-0.0434616	
10.49	0.0461687	0.0878041	-0.0210579	-0.0978413	-0.0442318	
10.5	0.0452892	0.0880938	-0.0201196	-0.0976746	-0.0449968	
10.51	0.0444069	0.0883743	-0.0191811	-0.0974995	-0.0457567	
10.52	0.0435218	0.0886456	-0.0182426	-0.097316	-0.0465114	
10.53	0.042634	0.0889077	-0.0173042	-0.0971243	-0.0472609	
10.54	0.0417437	0.0891605	-0.0163659	-0.0969243	-0.0480051	
10.55	0.0408508	0.0894042	-0.0154278	-0.096716	-0.0487439	
10.56	0.0399556	0.0896386	-0.0144901	-0.0964994	-0.0494773	
10.57	0.0390581	0.0898638	-0.0135528	-0.0962747	-0.0502053	
10.58	0.0381584	0.0900797	-0.0126159	-0.0960418	-0.0509278	
10.59	0.0372565	0.0902864	-0.0116796	-0.0958008	-0.0516448	
10.6	0.0363527	0.0904838	-0.010744	-0.0955517	-0.0523562	
10.61	0.0354469	0.090672	-0.00980918	-0.0952946	-0.0530619	
10.62	0.0345393	0.0908509	-0.00887516	-0.0950294	-0.0537619	
10.63	0.0336299	0.0910206	-0.00794205	-0.0947562	-0.0544562	
10.64	0.0327189	0.091181	-0.00700995	-0.0944751	-0.0551447	
10.65	0.0318063	0.0913321	-0.00607893	-0.0941861	-0.0558274	
10.66	0.0308923	0.0914741	-0.00514909	-0.0938892	-0.0565042	
10.67	0.0299768	0.0916068	-0.0042205	-0.0935845	-0.0571751	
10.68	0.0290602	0.0917302	-0.00329325	-0.093272	-0.0578401	
10.69	0.0281423	0.0918444	-0.00236742	-0.0929517	-0.058499	
10.7	0.0272233	0.0919494	-0.0014431	-0.0926237	-0.0591519	
10.71	0.0263033	0.0920451	-0.000520367	-0.0922881	-0.0597986	
10.72	0.0253824	0.0921317	0.000400692	-0.0919448	-0.0604393	
10.73	0.0244607	0.092209	0.00132	-0.0915939	-0.0610737	
10.74	0.0235383	0.0922771	0.00223746	-0.0912355	-0.0617019	
10.75	0.0226152	0.0923361	0.00315301	-0.0908696	-0.0623239	
10.76	0.0216916	0.0923859	0.00406656	-0.0904962	-0.0629396	
10.77	0.0207675	0.0924265	0.00497803	-0.0901154	-0.0635489	
10.78	0.0198431	0.092458	0.00588733	-0.0897273	-0.0641518	
10.79	0.0189184	0.0924803	0.00679439	-0.0893318	-0.0647483	
10.8	0.0179935	0.0924935	0.00769913	-0.0889291	-0.0653383	
10.81	0.0170685	0.0924976	0.00860146	-0.0885191	-0.0659219	
10.82	0.0161436	0.0924926	0.00950131	-0.088102	-0.0664989	
10.83	0.0152187	0.0924785	0.0103986	-0.0876777	-0.0670693	
10.84	0.014294	0.0924554	0.0112932	-0.0872464	-0.0676331	
10.85	0.0133696	0.0924233	0.0121852	-0.086808	-0.0681903	
10.86	0.0124456	0.0923821	0.0130743	-0.0863626	-0.0687408	
10.87	0.011522	0.0923319	0.0139606	-0.0859103	-0.0692846	
10.88	0.010599	0.0922728	0.0148439	-0.0854511	-0.0698216	
10.89	0.00967661	0.0922047	0.0157241	-0.0849851	-0.0703519	
10.9	0.00875494	0.0921276	0.0166013	-0.0845124	-0.0708753	
10.91	0.00783409	0.0920417	0.0174753	-0.0840329	-0.0713919	
10.92	0.00691414	0.0919469	0.018346	-0.0835467	-0.0719016	
10.93	0.00599518	0.0918432	0.0192134	-0.0830539	-0.0724043	
10.94	0.0050773	0.0917307	0.0200774	-0.0825545	-0.0729002	
10.95	0.00416059	0.0916093	0.0209379	-0.0820487	-0.0733891	
10.96	0.00324514	0.0914792	0.0217948	-0.0815364	-0.0738709	
10.97	0.00233104	0.0913404	0.0226481	-0.0810176	-0.0743458	
10.98	0.00141837	0.0911928	0.0234977	-0.0804926	-0.0748136	
10.99	0.000507212	0.0910365	0.0243435	-0.0799612	-0.0752743	
11	-0.000402336	0.0908716	0.0251855	-0.0794237	-0.0757278	
11.01	-0.00131019	0.0906981	0.0260236	-0.0788799	-0.0761743	
11.02	-0.00221627	0.0905159	0.0268576	-0.0783301	-0.0766136	
11.03	-0.00312048	0.0903252	0.0276876	-0.0777742	-0.0770457	
11.04	-0.00402274	0.090126	0.0285135	-0.0772122	-0.0774705	
11.05	-0.00492297	0.0899182	0.0293352	-0.0766444	-0.0778882	
11.06	-0.00582108	0.089702	0.0301525	-0.0760707	-0.0782985	
11.07	-0.00671698	0.0894774	0.0309656	-0.0754911	-0.0787016	
11.08	-0.0076106	0.0892444	0.0317742	-0.0749058	-0.0790974	
11.09	-0.00850184	0.089003	0.0325784	-0.0743148	-0.0794859	
11.1	-0.00939063	0.0887533	0.033378	-0.0737182	-0.079867	
11.11	-0.0102769	0.0884954	0.034173	-0.073116	-0.0802407	
11.12	-0.0111605	0.0882292	0.0349634	-0.0725083	-0.080607	
11.13	-0.0120414	0.0879548	0.0357489	-0.0718951	-0.080966	
11.14	-0.0129196	0.0876723	0.0365297	-0.0712765	-0.0813175	
11.15	-0.0137949	0.0873816	0.0373056	-0.0706527	-0.0816615	
11.16	-0.0146672	0.0870829	0.0380766	-0.0700235	-0.0819981	
11.17	-0.0155365	0.0867762	0.0388425	-0.0693892	-0.0823273	
11.18	-0.0164027	0.0864615	0.0396034	-0.0687497	-0.0826489	
11.19	-0.0172657	0.0861388	0.0403592	-0.0681052	-0.082963	
11.2	-0.0181254	0.0858082	0.0411098	-0.0674557	-0.0832696	
11.21	-0.0189818	0.0854698	0.0418551	-0.0668012	-0.0835686	
11.22	-0.0198348	0.0851236	0.0425951	-0.0661419	-0.0838601	
11.23	-0.0206843	0.0847697	0.0433298	-0.0654777	-0.084144	
11.24	-0.0215302	0.084408	0.044059	-0.0648088	-0.0844204	
11.25	-0.0223724	0.0840387	0.0447827	-0.0641353	-0.0846891	
11.26	-0.0232109	0.0836618	0.0455009	-0.0634571	-0.0849503	
11.27	-0.0240456	0.0832773	0.0462135	-0.0627744	-0.0852038	
11.28	-0.0248764	0.0828853	0.0469204	-0.0620873	-0.0854498	
11.29	-0.0257033	0.0824859	0.0476216	-0.0613957	-0.085688	
11.3	-0.0265261	0.082079	0.048317	-0.0606998	-0.0859187	
11.31	-0.0273449	0.0816648	0.0490066	-0.0599997	-0.0861417	
11.32	-0.0281594	0.0812433	0.0496903	-0.0592953	-0.086357	
11.33	-0.0289697	0.0808146	0.0503681	-0.0585868	-0.0865647	
11.34	-0.0297757	0.0803786	0.0510399	-0.0578743	-0.0867647	
11.35	-0.0305773	0.0799356	0.0517056	-0.0571578	-0.0869571	
11.36	-0.0313744	0.0794854	0.0523652	-0.0564373	-0.0871418	
11.37	-0.0321669	0.0790282	0.0530187	-0.055713	-0.0873187	
11.38	-0.0329549	0.0785641	0.053666	-0.054985	-0.087488	
11.39	-0.0337382	0.078093	0.054307	-0.0542532	-0.0876497	
11.4	-0.0345167	0.0776151	0.0549418	-0.0535178	-0.0878036	
11.41	-0.0352905	0.0771303	0.0555701	-0.0527788	-0.0879498	
11.42	-0.0360593	0.0766389	0.0561921	-0.0520364	-0.0880883	
11.43	-0.0368232	0.0761407	0.0568077	-0.0512905	-0.0882192	
11.44	-0.0375821	0.075636	0.0574167	-0.0505413	-0.0883423	
11.45	-0.0383359	0.0751247	0.0580192	-0.0497887	-0.0884578	
11.46	-0.0390846	0.0746068	0.0586152	-0.049033	-0.0885655	
11.47	-0.039828	0.0740826	0.0592045	-0.0482742	-0.0886656	
11.48	-0.0405662	0.0735519	0.0597871	-0.0475123	-0.088758	
11.49	-0.0412991	0.073015	0.060363	-0.0467474	-0.0888427	
11.5	-0.0420265	0.0724718	0.0609322	-0.0459795	-0.0889197	
11.51	-0.0427485	0.0719224	0.0614945	-0.0452089	-0.0889891	
11.52	-0.0434649	0.0713669	0.0620501	-0.0444355	-0.0890508	
11.53	-0.0441758	0.0708053	0.0625987	-0.0436593	-0.0891048	
11.54	-0.044881	0.0702378	0.0631404	-0.0428806	-0.0891511	
11.55	-0.0455805	0.0696643	0.0636751	-0.0420993	-0.0891899	
11.56	-0.0462743	0.0690849	0.0642029	-0.0413155	-0.0892209	
11.57	-0.0469622	0.0684998	0.0647236	-0.0405293	-0.0892444	
11.58	-0.0476443	0.0679089	0.0652372	-0.0397408	-0.0892602	
11.59	-0.0483204	0.0673123	0.0657437	-0.0389501	-0.0892684	
11.6	-0.0489905	0.0667102	0.0662431	-0.0381571	-0.089269	
11.61	-0.0496546	0.0661025	0.0667353	-0.0373621	-0.089262	
11.62	-0.0503125	0.0654894	0.0672203	-0.036565	-0.0892474	
11.63	-0.0509643	0.0648708	0.067698	-0.0357659	-0.0892252	
11.64	-0.0516099	0.064247	0.0681684	-0.034965	-0.0891955	
11.65	-0.0522492	0.0636179	0.0686315	-0.0341623	-0.0891582	
11.66	-0.0528823	0.0629836	0.0690873	-0.0333578	-0.0891134	
11.67	-0.0535089	0.0623442	0.0695357	-0.0325517	-0.0890611	
11.68	-0.0541291	0.0616998	0.0699767	-0.031744	-0.0890013	
11.69	-0.0547429	0.0610503	0.0704102	-0.0309348	-0.088934	
11.7	-0.0553501	0.060396	0.0708363	-0.0301241	-0.0888592	
11.71	-0.0559508	0.0597369	0.0712549	-0.0293121	-0.088777	
11.72	-0.0565448	0.059073	0.0716659	-0.0284988	-0.0886874	
11.73	-0.0571322	0.0584044	0.0720694	-0.0276843	-0.0885903	
11.74	-0.0577129	0.0577312	0.0724653	-0.0268686	-0.0884858	
11.75	-0.0582868	0.0570535	0.0728537	-0.0260519	-0.088374	
11.76	-0.058854	0.0563713	0.0732344	-0.0252342	-0.0882547	
11.77	-0.0594142	0.0556847	0.0736074	-0.0244156	-0.0881282	
11.78	-0.0599676	0.0549938	0.0739728	-0.0235961	-0.0879943	
11.79	-0.0605141	0.0542986	0.0743305	-0.0227759	-0.0878531	
11.8	-0.0610536	0.0535993	0.0746805	-0.021955	-0.0877047	
11.81	-0.0615861	0.0528959	0.0750228	-0.0211335	-0.087549	
11.82	-0.0621115	0.0521884	0.0753573	-0.0203114	-0.087386	
11.83	-0.0626298	0.051477	0.075684	-0.0194889	-0.0872159	
11.84	-0.063141	0.0507618	0.076003	-0.0186659	-0.0870386	
11.85	-0.0636451	0.0500428	0.0763141	-0.0178427	-0.0868541	
11.86	-0.0641419	0.04932	0.0766174	-0.0170192	-0.0866625	
11.87	-0.0646314	0.0485936	0.0769129	-0.0161956	-0.0864638	
11.88	-0.0651137	0.0478636	0.0772005	-0.0153718	-0.086258	
11.89	-0.0655887	0.0471302	0.0774803	-0.0145481	-0.0860452	
11.9	-0.0660563	0.0463933	0.0777521	-0.0137244	-0.0858253	
11.91	-0.0665166	0.0456532	0.0780161	-0.0129008	-0.0855984	
11.92	-0.0669694	0.0449097	0.0782722	-0.0120774	-0.0853646	
11.93	-0.0674147	0.0441631	0.0785203	-0.0112543	-0.0851238	
11.94	-0.0678526	0.0434134	0.0787605	-0.0104316	-0.0848762	
11.95	-0.068283	0.0426606	0.0789928	-0.00960925	-0.0846216	
11.96	-0.0687058	0.0419049	0.0792171	-0.00878742	-0.0843602	
11.97	-0.0691211	0.0411464	0.0794335	-0.00796615	-0.084092	
11.98	-0.0695288	0.040385	0.0796419	-0.00714553	-0.0838171	
11.99	-0.0699288	0.039621	0.0798423	-0.00632562	-0.0835353	
12	-0.0703212	0.0388543	0.0800347	-0.0055065	-0.0832469	
12.01	-0.0707059	0.0380851	0.0802192	-0.00468824	-0.0829517	
12.02	-0.0710829	0.0373134	0.0803957	-0.00387092	-0.08265	
12.03	-0.0714521	0.0365393	0.0805642	-0.00305459	-0.0823416	
12.04	-0.0718136	0.0357629	0.0807246	-0.00223934	-0.0820266	
12.05	-0.0721674	0.0349842	0.0808771	-0.00142524	-0.0817051	
12.06	-0.0725133	0.0342034	0.0810216	-0.000612361	-0.0813771	
12.07	-0.0728514	0.0334205	0.0811581	0.000199229	-0.0810426	
12.08	-0.0731817	0.0326357	0.0812866	0.00100946	-0.0807016	
12.09	-0.0735041	0.0318489	0.0814071	0.00181825	-0.0803543	
12.1	-0.0738187	0.0310602	0.0815196	0.00262554	-0.0800007	
12.11	-0.0741253	0.0302698	0.0816241	0.00343126	-0.0796407	
12.12	-0.0744241	0.0294778	0.0817206	0.00423533	-0.0792744	
12.13	-0.0747149	0.0286841	0.0818091	0.00503769	-0.0789019	
12.14	-0.0749978	0.0278889	0.0818896	0.00583827	-0.0785232	
12.15	-0.0752727	0.0270923	0.0819621	0.00663699	-0.0781383	
12.16	-0.0755396	0.0262943	0.0820267	0.00743379	-0.0777474	
12.17	-0.0757985	0.025495	0.0820833	0.00822859	-0.0773503	
12.18	-0.0760495	0.0246945	0.0821319	0.00902134	-0.0769472	
12.19	-0.0762924	0.023893	0.0821726	0.00981195	-0.0765381	
12.2	-0.0765273	0.0230903	0.0822053	0.0106004	-0.0761231	
12.21	-0.0767542	0.0222867	0.0822301	0.0113865	-0.0757022	
12.22	-0.0769731	0.0214823	0.082247	0.0121703	-0.0752754	
12.23	-0.0771839	0.020677	0.0822559	0.0129518	-0.0748428	
12.24	-0.0773866	0.019871	0.082257	0.0137307	-0.0744044	
12.25	-0.0775813	0.0190643	0.0822501	0.0145071	-0.0739603	
12.26	-0.0777679	0.0182571	0.0822354	0.015281	-0.0735105	
12.27	-0.0779464	0.0174494	0.0822128	0.0160521	-0.0730551	
12.28	-0.0781169	0.0166413	0.0821824	0.0168205	-0.0725941	
12.29	-0.0782793	0.0158329	0.0821441	0.0175862	-0.0721276	
12.3	-0.0784335	0.0150242	0.082098	0.0183489	-0.0716555	
12.31	-0.0785797	0.0142154	0.0820441	0.0191088	-0.071178	
12.32	-0.0787179	0.0134065	0.0819824	0.0198656	-0.0706951	
12.33	-0.0788479	0.0125976	0.081913	0.0206194	-0.0702069	
12.34	-0.0789698	0.0117887	0.0818358	0.0213701	-0.0697134	
12.35	-0.0790836	0.01098	0.0817508	0.0221175	-0.0692146	
12.36	-0.0791894	0.0101715	0.0816582	0.0228618	-0.0687106	
12.37	-0.0792871	0.00936329	0.0815579	0.0236027	-0.0682015	
12.38	-0.0793767	0.00855549	0.0814499	0.0243403	-0.0676872	
12.39	-0.0794582	0.00774814	0.0813343	0.0250744	-0.0671679	
12.4	-0.0795316	0.00694133	0.081211	0.025805	-0.0666436	
12.41	-0.079597	0.00613514	0.0810801	0.0265321	-0.0661144	
12.42	-0.0796543	0.00532964	0.0809417	0.0272556	-0.0655803	
12.43	-0.0797036	0.00452492	0.0807957	0.0279754	-0.0650413	
12.44	-0.0797448	0.00372104	0.0806422	0.0286914	-0.0644975	
12.45	-0.079778	0.00291808	0.0804812	0.0294037	-0.063949	
12.46	-0.0798032	0.00211613	0.0803127	0.0301121	-0.0633958	
12.47	-0.0798204	0.00131525	0.0801368	0.0308166	-0.062838	
12.48	-0.0798295	0.000515525	0.0799534	0.0315171	-0.0622756	
12.49	-0.0798307	-0.000282969	0.0797627	0.0322136	-0.0617087	
12.5	-0.0798239	-0.00108016	0.0795646	0.032906	-0.0611373	
12.51	-0.0798091	-0.00187596	0.0793592	0.0335943	-0.0605615	
12.52	-0.0797863	-0.00267032	0.0791465	0.0342783	-0.0599813	
12.53	-0.0797557	-0.00346314	0.0789265	0.0349582	-0.0593968	
12.54	-0.0797171	-0.00425435	0.0786993	0.0356337	-0.0588081	
12.55	-0.0796706	-0.00504388	0.0784649	0.0363048	-0.0582152	
12.56	-0.0796162	-0.00583166	0.0782233	0.0369715	-0.0576182	
12.57	-0.079554	-0.00661761	0.0779746	0.0376338	-0.057017	
12.58	-0.0794839	-0.00740166	0.0777188	0.0382915	-0.0564119	
12.59	-0.0794059	-0.00818373	0.0774559	0.0389446	-0.0558028	
12.6	-0.0793202	-0.00896375	0.077186	0.0395931	-0.0551898	
12.61	-0.0792267	-0.00974165	0.0769091	0.0402369	-0.054573	
12.62	-0.0791254	-0.0105174	0.0766252	0.040876	-0.0539523	
12.63	-0.0790163	-0.0112908	0.0763344	0.0415103	-0.0533279	
12.64	-0.0788996	-0.0120619	0.0760368	0.0421397	-0.0526999	
12.65	-0.0787751	-0.0128306	0.0757323	0.0427643	-0.0520682	
12.66	-0.078643	-0.0135968	0.075421	0.0433839	-0.051433	
12.67	-0.0785032	-0.0143605	0.0751029	0.0439986	-0.0507943	
12.68	-0.0783558	-0.0151215	0.0747781	0.0446082	-0.0501522	
12.69	-0.0782008	-0.0158799	0.0744467	0.0452127	-0.0495066	
12.7	-0.0780382	-0.0166355	0.0741085	0.045812	-0.0488578	
12.71	-0.0778681	-0.0173882	0.0737638	0.0464062	-0.0482057	
12.72	-0.0776904	-0.0181381	0.0734126	0.0469952	-0.0475504	
12.73	-0.0775053	-0.018885	0.0730548	0.0475789	-0.046892	
12.74	-0.0773127	-0.0196288	0.0726906	0.0481573	-0.0462305	
12.75	-0.0771127	-0.0203696	0.0723199	0.0487303	-0.045566	
12.76	-0.0769054	-0.0211071	0.0719429	0.0492979	-0.0448986	
12.77	-0.0766906	-0.0218415	0.0715595	0.0498601	-0.0442282	
12.78	-0.0764685	-0.0225725	0.0711698	0.0504167	-0.043555	
12.79	-0.0762392	-0.0233002	0.0707739	0.0509679	-0.0428791	
12.8	-0.0760025	-0.0240244	0.0703718	0.0515134	-0.0422004	
12.81	-0.0757587	-0.0247451	0.0699636	0.0520533	-0.0415191	
12.82	-0.0755077	-0.0254623	0.0695492	0.0525876	-0.0408353	
12.83	-0.0752495	-0.0261758	0.0691288	0.0531161	-0.0401489	
12.84	-0.0749841	-0.0268856	0.0687025	0.0536389	-0.03946	
12.85	-0.0747118	-0.0275917	0.0682701	0.054156	-0.0387688	
12.86	-0.0744323	-0.028294	0.0678319	0.0546672	-0.0380752	
12.87	-0.0741459	-0.0289923	0.0673878	0.0551725	-0.0373794	
12.88	-0.0738525	-0.0296868	0.0669379	0.055672	-0.0366814	
12.89	-0.0735522	-0.0303772	0.0664822	0.0561655	-0.0359812	
12.9	-0.073245	-0.0310635	0.0660209	0.056653	-0.0352789	
12.91	-0.0729309	-0.0317457	0.0655539	0.0571345	-0.0345747	
12.92	-0.0726101	-0.0324238	0.0650813	0.05761	-0.0338685	
12.93	-0.0722825	-0.0330975	0.0646032	0.0580794	-0.0331604	
12.94	-0.0719481	-0.033767	0.0641196	0.0585427	-0.0324504	
12.95	-0.0716071	-0.0344321	0.0636306	0.0589999	-0.0317388	
12.96	-0.0712595	-0.0350928	0.0631362	0.0594509	-0.0310254	
12.97	-0.0709053	-0.035749	0.0626364	0.0598956	-0.0303104	
12.98	-0.0705445	-0.0364006	0.0621315	0.0603341	-0.0295938	
12.99	-0.0701773	-0.0370477	0.0616213	0.0607664	-0.0288757	
13	-0.0698036	-0.03769	0.0611059	0.0611923	-0.0281562	
13.01	-0.0694235	-0.0383277	0.0605854	0.0616119	-0.0274353	
13.02	-0.0690371	-0.0389607	0.0600599	0.0620252	-0.0267131	
13.03	-0.0686443	-0.0395888	0.0595295	0.062432	-0.0259896	
13.04	-0.0682453	-0.040212	0.0589941	0.0628324	-0.025265	
13.05	-0.0678401	-0.0408303	0.0584538	0.0632264	-0.0245393	
13.06	-0.0674287	-0.0414436	0.0579087	0.0636139	-0.0238125	
13.07	-0.0670112	-0.0420519	0.0573589	0.0639949	-0.0230847	
13.08	-0.0665877	-0.0426551	0.0568044	0.0643694	-0.022356	
13.09	-0.0661581	-0.0432532	0.0562453	0.0647373	-0.0216264	
13.1	-0.0657226	-0.0438461	0.0556815	0.0650986	-0.020896	
13.11	-0.0652812	-0.0444338	0.0551133	0.0654534	-0.0201649	
13.12	-0.064834	-0.0450162	0.0545407	0.0658015	-0.0194332	
13.13	-0.0643809	-0.0455932	0.0539636	0.0661429	-0.0187008	
13.14	-0.0639221	-0.0461649	0.0533822	0.0664777	-0.0179679	
13.15	-0.0634577	-0.0467311	0.0527966	0.0668058	-0.0172345	
13.16	-0.0629875	-0.0472918	0.0522067	0.0671272	-0.0165007	
13.17	-0.0625118	-0.0478471	0.0516127	0.0674419	-0.0157666	
13.18	-0.0620306	-0.0483967	0.0510147	0.0677498	-0.0150322	
13.19	-0.0615439	-0.0489408	0.0504126	0.0680509	-0.0142976	
13.2	-0.0610518	-0.0494792	0.0498065	0.0683453	-0.0135628	
13.21	-0.0605544	-0.0500119	0.0491966	0.0686329	-0.012828	
13.22	-0.0600516	-0.0505388	0.0485829	0.0689136	-0.0120931	
13.23	-0.0595436	-0.05106	0.0479654	0.0691875	-0.0113582	
13.24	-0.0590304	-0.0515753	0.0473442	0.0694545	-0.0106235	
13.25	-0.0585121	-0.0520848	0.0467193	0.0697147	-0.00988893	
13.26	-0.0579887	-0.0525883	0.0460909	0.069968	-0.00915459	
13.27	-0.0574604	-0.0530859	0.045459	0.0702144	-0.00842055	
13.28	-0.056927	-0.0535775	0.0448237	0.0704539	-0.00768687	
13.29	-0.0563888	-0.054063	0.044185	0.0706864	-0.00695361	
13.3	-0.0558458	-0.0545425	0.043543	0.0709121	-0.00622084	
13.31	-0.055298	-0.0550159	0.0428977	0.0711308	-0.00548862	
13.32	-0.0547455	-0.0554831	0.0422493	0.0713425	-0.00475701	
13.33	-0.0541884	-0.0559442	0.0415978	0.0715473	-0.00402607	
13.34	-0.0536266	-0.056399	0.0409432	0.071745	-0.00329588	
13.35	-0.0530604	-0.0568476	0.0402857	0.0719359	-0.00256649	
13.36	-0.0524897	-0.0572899	0.0396252	0.0721197	-0.00183796	
13.37	-0.0519146	-0.0577258	0.0389619	0.0722965	-0.00111036	
13.38	-0.0513352	-0.0581555	0.0382959	0.0724663	-0.000383746	
13.39	-0.0507515	-0.0585787	0.0376271	0.0726291	0.000341816	
13.4	-0.0501637	-0.0589955	0.0369557	0.0727849	0.00106626	
13.41	-0.0495717	-0.0594058	0.0362818	0.0729337	0.00178954	
13.42	-0.0489756	-0.0598097	0.0356053	0.0730755	0.00251157	
13.43	-0.0483755	-0.0602071	0.0349264	0.0732102	0.00323231	
13.44	-0.0477714	-0.0605979	0.0342451	0.0733379	0.00395169	
13.45	-0.0471635	-0.0609821	0.0335616	0.0734586	0.00466965	
13.46	-0.0465518	-0.0613598	0.0328758	0.0735722	0.00538612	
13.47	-0.0459364	-0.0617308	0.0321879	0.0736788	0.00610105	
13.48	-0.0453172	-0.0620952	0.0314978	0.0737784	0.00681438	
13.49	-0.0446945	-0.0624529	0.0308058	0.0738709	0.00752605	
13.5	-0.0440682	-0.0628039	0.0301118	0.0739564	0.00823599	
13.51	-0.0434384	-0.0631482	0.0294159	0.0740349	0.00894415	
13.52	-0.0428053	-0.0634857	0.0287182	0.0741063	0.00965047	
13.53	-0.0421687	-0.0638164	0.0280188	0.0741707	0.0103549	
13.54	-0.041529	-0.0641404	0.0273176	0.0742281	0.0110573	
13.55	-0.040886	-0.0644575	0.0266149	0.0742785	0.0117578	
13.56	-0.0402398	-0.0647678	0.0259107	0.0743219	0.0124561	
13.57	-0.0395906	-0.0650713	0.0252049	0.0743583	0.0131523	
13.58	-0.0389384	-0.0653678	0.0244978	0.0743876	0.0138463	
13.59	-0.0382833	-0.0656575	0.0237894	0.07441	0.0145381	
13.6	-0.0376253	-0.0659402	0.0230797	0.0744254	0.0152275	
13.61	-0.0369645	-0.066216	0.0223688	0.0744338	0.0159146	
13.62	-0.036301	-0.0664849	0.0216567	0.0744352	0.0165993	
13.63	-0.0356348	-0.0667468	0.0209437	0.0744297	0.0172814	
13.64	-0.0349661	-0.0670017	0.0202296	0.0744173	0.017961	
13.65	-0.0342948	-0.0672496	0.0195147	0.0743979	0.0186381	
13.66	-0.0336211	-0.0674905	0.0187989	0.0743715	0.0193124	
13.67	-0.032945	-0.0677244	0.0180823	0.0743383	0.0199841	
13.68	-0.0322666	-0.0679513	0.0173651	0.0742981	0.020653	
13.69	-0.031586	-0.0681711	0.0166472	0.0742511	0.0213191	
13.7	-0.0309033	-0.0683838	0.0159287	0.0741972	0.0219823	
13.71	-0.0302184	-0.0685895	0.0152097	0.0741364	0.0226425	
13.72	-0.0295315	-0.068788	0.0144904	0.0740688	0.0232998	
13.73	-0.0288426	-0.0689795	0.0137706	0.0739943	0.0239541	
13.74	-0.0281519	-0.0691639	0.0130506	0.0739131	0.0246052	
13.75	-0.0274594	-0.0693412	0.0123304	0.073825	0.0252532	
13.76	-0.0267651	-0.0695114	0.01161	0.0737302	0.0258981	
13.77	-0.0260692	-0.0696745	0.0108896	0.0736285	0.0265396	
13.78	-0.0253717	-0.0698304	0.0101691	0.0735202	0.0271779	
13.79	-0.0246726	-0.0699792	0.0094487	0.0734051	0.0278128	
13.8	-0.0239721	-0.0701209	0.00872843	0.0732833	0.0284443	
13.81	-0.0232702	-0.0702554	0.00800836	0.0731549	0.0290723	
13.82	-0.022567	-0.0703828	0.00728855	0.0730197	0.0296968	
13.83	-0.0218626	-0.070503	0.00656908	0.0728779	0.0303178	
13.84	-0.021157	-0.0706161	0.00585001	0.0727295	0.0309352	
13.85	-0.0204503	-0.0707221	0.00513142	0.0725746	0.0315489	
13.86	-0.0197426	-0.0708209	0.00441337	0.072413	0.0321588	
13.87	-0.0190339	-0.0709125	0.00369592	0.0722449	0.0327651	
13.88	-0.0183243	-0.070997	0.00297915	0.0720702	0.0333675	
13.89	-0.017614	-0.0710744	0.00226312	0.0718891	0.0339661	
13.9	-0.0169029	-0.0711446	0.00154791	0.0717014	0.0345607	
13.91	-0.0161911	-0.0712077	0.000833572	0.0715074	0.0351514	
13.92	-0.0154787	-0.0712637	0.000120181	0.0713069	0.0357382	
13.93	-0.0147658	-0.0713125	-0.000592198	0.0711	0.0363208	
13.94	-0.0140525	-0.0713542	-0.0013035	0.0708867	0.0368994	
13.95	-0.0133388	-0.0713888	-0.00201365	0.0706671	0.0374738	
13.96	-0.0126248	-0.0714163	-0.00272259	0.0704412	0.0380441	
13.97	-0.0119105	-0.0714367	-0.00343025	0.070209	0.0386101	
13.98	-0.011196	-0.07145	-0.00413657	0.0699705	0.0391719	
13.99	-0.0104815	-0.0714562	-0.00484148	0.0697258	0.0397293	
14	-0.00976694	-0.0714553	-0.00554491	0.069475	0.0402824	
14.01	-0.00905242	-0.0714474	-0.0062468	0.069218	0.0408311	
14.02	-0.00833802	-0.0714324	-0.00694708	0.0689548	0.0413753	
14.03	-0.0076238	-0.0714103	-0.00764569	0.0686856	0.041915	
14.04	-0.00690984	-0.0713813	-0.00834257	0.0684103	0.0424502	
14.05	-0.0061962	-0.0713452	-0.00903764	0.0681289	0.0429809	
14.06	-0.00548296	-0.0713021	-0.00973086	0.0678416	0.0435069	
14.07	-0.00477018	-0.071252	-0.0104221	0.0675483	0.0440283	
14.08	-0.00405794	-0.0711949	-0.0111114	0.0672491	0.0445449	
14.09	-0.00334631	-0.0711309	-0.0117987	0.066944	0.0450569	
14.1	-0.00263535	-0.0710599	-0.0124838	0.066633	0.045564	
14.11	-0.00192513	-0.070982	-0.0131667	0.0663163	0.0460664	
14.12	-0.00121573	-0.0708972	-0.0138474	0.0659937	0.0465638	
14.13	-0.00050721	-0.0708055	-0.0145258	0.0656654	0.0470564	
14.14	0.000200358	-0.0707069	-0.0152018	0.0653314	0.0475441	
14.15	0.000906905	-0.0706015	-0.0158754	0.0649918	0.0480268	
14.16	0.00161236	-0.0704892	-0.0165465	0.0646465	0.0485045	
14.17	0.00231667	-0.0703701	-0.0172151	0.0642956	0.0489772	
14.18	0.00301974	-0.0702442	-0.017881	0.0639392	0.0494448	
14.19	0.00372153	-0.0701116	-0.0185443	0.0635773	0.0499073	
14.2	0.00442195	-0.0699722	-0.0192048	0.0632099	0.0503646	
14.21	0.00512095	-0.069826	-0.0198625	0.0628371	0.0508168	
14.22	0.00581845	-0.0696732	-0.0205174	0.0624589	0.0512637	
14.23	0.00651439	-0.0695137	-0.0211694	0.0620754	0.0517054	
14.24	0.0072087	-0.0693475	-0.0218184	0.0616866	0.0521419	
14.25	0.00790132	-0.0691747	-0.0224644	0.0612925	0.052573	
14.26	0.00859217	-0.0689953	-0.0231073	0.0608932	0.0529988	
14.27	0.0092812	-0.0688094	-0.0237471	0.0604887	0.0534192	
14.28	0.00996834	-0.0686168	-0.0243836	0.0600791	0.0538342	
14.29	0.0106535	-0.0684178	-0.0250169	0.0596645	0.0542438	
14.3	0.0113367	-0.0682123	-0.0256469	0.0592448	0.0546479	
14.31	0.0120177	-0.0680003	-0.0262736	0.0588201	0.0550465	
14.32	0.0126967	-0.0677818	-0.0268968	0.0583905	0.0554396	
14.33	0.0133734	-0.067557	-0.0275165	0.057956	0.0558272	
14.34	0.0140478	-0.0673258	-0.0281327	0.0575166	0.0562091	
14.35	0.0147199	-0.0670883	-0.0287453	0.0570725	0.0565855	
14.36	0.0153895	-0.0668444	-0.0293542	0.0566236	0.0569563	
14.37	0.0160567	-0.0665943	-0.0299595	0.05617	0.0573213	
14.38	0.0167214	-0.0663379	-0.030561	0.0557117	0.0576807	
14.39	0.0173835	-0.0660753	-0.0311587	0.0552488	0.0580345	
14.4	0.0180429	-0.0658066	-0.0317526	0.0547814	0.0583824	
14.41	0.0186996	-0.0655317	-0.0323425	0.0543094	0.0587246	
14.42	0.0193535	-0.0652507	-0.0329285	0.053833	0.0590611	
14.43	0.0200046	-0.0649636	-0.0335105	0.0533522	0.0593917	
14.44	0.0206527	-0.0646705	-0.0340884	0.0528671	0.0597165	
14.45	0.021298	-0.0643715	-0.0346623	0.0523776	0.0600355	
14.46	0.0219401	-0.0640664	-0.0352319	0.0518839	0.0603486	
14.47	0.0225793	-0.0637554	-0.0357974	0.0513859	0.0606558	
14.48	0.0232152	-0.0634386	-0.0363586	0.0508838	0.0609571	
14.49	0.023848	-0.0631159	-0.0369155	0.0503776	0.0612525	
14.5	0.0244775	-0.0627874	-0.037468	0.0498674	0.061542	
14.51	0.0251037	-0.0624532	-0.0380162	0.0493532	0.0618254	
14.52	0.0257266	-0.0621132	-0.0385599	0.048835	0.0621029	
14.53	0.026346	-0.0617675	-0.0390991	0.0483129	0.0623744	
14.54	0.0269619	-0.0614162	-0.0396338	0.047787	0.0626399	
14.55	0.0275743	-0.0610594	-0.0401639	0.0472573	0.0628993	
14.56	0.0281831	-0.0606969	-0.0406893	0.0467239	0.0631527	
14.57	0.0287882	-0.060329	-0.0412101	0.0461868	0.0634001	
14.58	0.0293896	-0.0599555	-0.0417262	0.0456461	0.0636413	
14.59	0.0299873	-0.0595767	-0.0422375	0.0451019	0.0638765	
14.6	0.0305812	-0.0591925	-0.042744	0.0445541	0.0641056	
14.61	0.0311711	-0.0588029	-0.0432457	0.0440029	0.0643285	
14.62	0.0317572	-0.0584081	-0.0437424	0.0434483	0.0645453	
14.63	0.0323393	-0.058008	-0.0442343	0.0428903	0.064756	
14.64	0.0329173	-0.0576027	-0.0447212	0.0423291	0.0649605	
14.65	0.0334913	-0.0571923	-0.045203	0.0417646	0.0651588	
14.66	0.0340612	-0.0567767	-0.0456799	0.041197	0.065351	
14.67	0.0346268	-0.0563561	-0.0461516	0.0406262	0.065537	
14.68	0.0351883	-0.0559305	-0.0466182	0.0400524	0.0657168	
14.69	0.0357454	-0.0555	-0.0470797	0.0394756	0.0658904	
14.7	0.0362983	-0.0550645	-0.0475359	0.0388958	0.0660577	
14.71	0.0368467	-0.0546242	-0.0479869	0.0383132	0.0662189	
14.72	0.0373907	-0.0541791	-0.0484327	0.0377278	0.0663738	
14.73	0.0379303	-0.0537292	-0.0488731	0.0371395	0.0665226	
14.74	0.0384653	-0.0532746	-0.0493082	0.0365486	0.066665	
14.75	0.0389957	-0.0528153	-0.0497378	0.035955	0.0668013	
14.76	0.0395216	-0.0523515	-0.0501621	0.0353589	0.0669312	
14.77	0.0400428	-0.051883	-0.050581	0.0347602	0.067055	
14.78	0.0405592	-0.0514101	-0.0509943	0.034159	0.0671724	
14.79	0.0410709	-0.0509327	-0.0514021	0.0335554	0.0672837	
14.8	0.0415779	-0.050451	-0.0518044	0.0329495	0.0673886	
14.81	0.04208	-0.0499648	-0.0522011	0.0323412	0.0674873	
14.82	0.0425772	-0.0494744	-0.0525922	0.0317308	0.0675798	
14.83	0.0430694	-0.0489798	-0.0529777	0.0311181	0.0676659	
14.84	0.0435567	-0.0484809	-0.0533575	0.0305034	0.0677458	
14.85	0.044039	-0.047978	-0.0537316	0.0298866	0.0678195	
14.86	0.0445163	-0.047471	-0.0540999	0.0292677	0.0678869	
14.87	0.0449884	-0.0469599	-0.0544625	0.028647	0.067948	
14.88	0.0454555	-0.0464449	-0.0548194	0.0280244	0.0680029	
14.89	0.0459173	-0.045926	-0.0551704	0.0274	0.0680515	
14.9	0.046374	-0.0454032	-0.0555156	0.0267738	0.0680938	
14.91	0.0468254	-0.0448766	-0.0558549	0.0261459	0.06813	
14.92	0.0472715	-0.0443463	-0.0561883	0.0255164	0.0681598	
14.93	0.0477123	-0.0438123	-0.0565158	0.0248854	0.0681835	
14.94	0.0481477	-0.0432747	-0.0568374	0.0242528	0.0682008	
14.95	0.0485778	-0.0427335	-0.0571531	0.0236188	0.068212	
14.96	0.0490024	-0.0421888	-0.0574627	0.0229834	0.068217	
14.97	0.0494215	-0.0416407	-0.0577664	0.0223466	0.0682157	
14.98	0.0498352	-0.0410891	-0.058064	0.0217086	0.0682082	
14.99	0.0502433	-0.0405343	-0.0583556	0.0210694	0.0681945	
15	0.0506459	-0.0399761	-0.0586411	0.0204291	0.0681747	
